Timestamp,UTC,Callsign,Position,Altitude,Speed,Direction
1768060778,2026-01-10T15:59:38Z,N503SP,"42.187042,-71.176376",0,0,61
1768060922,2026-01-10T16:02:02Z,N503SP,"42.187256,-71.176399",0,4,334
1768060935,2026-01-10T16:02:15Z,N503SP,"42.187466,-71.176346",0,5,47
1768060942,2026-01-10T16:02:22Z,N503SP,"42.187569,-71.176109",0,6,61
1768060949,2026-01-10T16:02:29Z,N503SP,"42.187649,-71.17588",0,7,61
1768060954,2026-01-10T16:02:34Z,N503SP,"42.187729,-71.175659",0,7,64
1768060959,2026-01-10T16:02:39Z,N503SP,"42.187801,-71.175453",0,7,64
1768060965,2026-01-10T16:02:45Z,N503SP,"42.187851,-71.175247",0,6,90
1768060973,2026-01-10T16:02:53Z,N503SP,"42.187729,-71.175018",0,7,146
1768060980,2026-01-10T16:03:00Z,N503SP,"42.187489,-71.174866",0,8,154
1768060986,2026-01-10T16:03:06Z,N503SP,"42.187279,-71.174736",0,9,154
1768060992,2026-01-10T16:03:12Z,N503SP,"42.187035,-71.174576",0,10,154
1768060997,2026-01-10T16:03:17Z,N503SP,"42.186813,-71.174431",0,11,154
1768061004,2026-01-10T16:03:24Z,N503SP,"42.186489,-71.174225",0,11,154
1768061011,2026-01-10T16:03:31Z,N503SP,"42.186161,-71.174034",0,11,154
1768061019,2026-01-10T16:03:39Z,N503SP,"42.185837,-71.173828",0,11,154
1768061026,2026-01-10T16:03:46Z,N503SP,"42.185497,-71.173599",0,11,154
1768061032,2026-01-10T16:03:52Z,N503SP,"42.185188,-71.173416",0,11,154
1768061041,2026-01-10T16:04:01Z,N503SP,"42.184799,-71.173157",0,11,154
1768061048,2026-01-10T16:04:08Z,N503SP,"42.184486,-71.172966",0,10,154
1768061054,2026-01-10T16:04:14Z,N503SP,"42.184284,-71.172836",0,7,160
1768061245,2026-01-10T16:07:25Z,N503SP,"42.184078,-71.172691",0,5,157
1768061267,2026-01-10T16:07:47Z,N503SP,"42.183861,-71.172569",0,5,154
1768061334,2026-01-10T16:08:54Z,N503SP,"42.183689,-71.172318",0,0,95
1768061341,2026-01-10T16:09:01Z,N503SP,"42.183743,-71.172066",0,7,67
1768061346,2026-01-10T16:09:06Z,N503SP,"42.1838,-71.171844",0,8,64
1768061355,2026-01-10T16:09:15Z,N503SP,"42.18401,-71.171684",0,6,337
1768061361,2026-01-10T16:09:21Z,N503SP,"42.184238,-71.171806",0,16,334
1768061363,2026-01-10T16:09:23Z,N503SP,"42.184467,-71.171959",0,25,334
1768061365,2026-01-10T16:09:25Z,N503SP,"42.184742,-71.172119",0,34,334
1768061368,2026-01-10T16:09:28Z,N503SP,"42.185078,-71.172371",0,39,334
1768061369,2026-01-10T16:09:29Z,N503SP,"42.185394,-71.172554",0,45,335
1768061372,2026-01-10T16:09:32Z,N503SP,"42.185776,-71.172752",0,51,334
1768061373,2026-01-10T16:09:33Z,N503SP,"42.186008,-71.172943",0,55,334
1768061374,2026-01-10T16:09:34Z,N503SP,"42.186523,-71.173264",0,59,334
1768061379,2026-01-10T16:09:39Z,N503SP,"42.187687,-71.174034",0,63,335
1768061380,2026-01-10T16:09:40Z,N503SP,"42.187965,-71.174164",0,63,335
1768061381,2026-01-10T16:09:41Z,N503SP,"42.18837,-71.174431",0,65,334
1768061382,2026-01-10T16:09:42Z,N503SP,"42.188618,-71.174606",0,66,334
1768061383,2026-01-10T16:09:43Z,N503SP,"42.189056,-71.174866",0,67,335
1768061384,2026-01-10T16:09:44Z,N503SP,"42.189331,-71.174988",0,67,335
1768061386,2026-01-10T16:09:46Z,N503SP,"42.189606,-71.175179",0,69,337
1768061387,2026-01-10T16:09:47Z,N503SP,"42.190201,-71.175552",0,70,337
1768061391,2026-01-10T16:09:51Z,N503SP,"42.191223,-71.176079",0,70,337
1768061392,2026-01-10T16:09:52Z,N503SP,"42.191689,-71.176331",0,70,337
1768061395,2026-01-10T16:09:55Z,N503SP,"42.192387,-71.176712",0,74,338
1768061396,2026-01-10T16:09:56Z,N503SP,"42.192715,-71.176842",0,74,338
1768061397,2026-01-10T16:09:57Z,N503SP,"42.193039,-71.177032",0,75,338
1768061398,2026-01-10T16:09:58Z,N503SP,"42.193634,-71.177299",0,74,339
1768061401,2026-01-10T16:10:01Z,N503SP,"42.194389,-71.177734",0,75,338
1768061402,2026-01-10T16:10:02Z,N503SP,"42.194717,-71.177864",0,74,339
1768061403,2026-01-10T16:10:03Z,N503SP,"42.195053,-71.178047",0,74,339
1768061405,2026-01-10T16:10:05Z,N503SP,"42.195602,-71.178299",150,73,341
1768061407,2026-01-10T16:10:07Z,N503SP,"42.196564,-71.178673",200,72,344
1768061409,2026-01-10T16:10:09Z,N503SP,"42.197277,-71.178886",250,73,346
1768061411,2026-01-10T16:10:11Z,N503SP,"42.197891,-71.179047",275,72,347
1768061414,2026-01-10T16:10:14Z,N503SP,"42.198765,-71.179337",300,73,347
1768061416,2026-01-10T16:10:16Z,N503SP,"42.199509,-71.179527",350,72,347
1768061418,2026-01-10T16:10:18Z,N503SP,"42.200161,-71.179779",375,72,347
1768061420,2026-01-10T16:10:20Z,N503SP,"42.200775,-71.179924",425,72,347
1768061423,2026-01-10T16:10:23Z,N503SP,"42.201607,-71.180168",450,71,347
1768061425,2026-01-10T16:10:25Z,N503SP,"42.202286,-71.180359",475,71,348
1768061427,2026-01-10T16:10:27Z,N503SP,"42.203094,-71.180611",525,71,348
1768061429,2026-01-10T16:10:29Z,N503SP,"42.203606,-71.18074",550,71,347
1768061432,2026-01-10T16:10:32Z,N503SP,"42.204445,-71.180992",575,71,347
1768061434,2026-01-10T16:10:34Z,N503SP,"42.205235,-71.181183",600,72,348
1768061437,2026-01-10T16:10:37Z,N503SP,"42.206028,-71.181442",650,71,348
1768061443,2026-01-10T16:10:43Z,N503SP,"42.208374,-71.182045",750,70,346
1768061446,2026-01-10T16:10:46Z,N503SP,"42.209053,-71.182335",775,70,342
1768061448,2026-01-10T16:10:48Z,N503SP,"42.209747,-71.182732",825,70,334
1768061450,2026-01-10T16:10:50Z,N503SP,"42.210125,-71.183105",825,71,325
1768061452,2026-01-10T16:10:52Z,N503SP,"42.210663,-71.183662",850,72,315
1768061454,2026-01-10T16:10:54Z,N503SP,"42.211243,-71.18457",875,76,304
1768061456,2026-01-10T16:10:56Z,N503SP,"42.211578,-71.185478",900,78,296
1768061459,2026-01-10T16:10:59Z,N503SP,"42.211807,-71.186539",925,81,282
1768061461,2026-01-10T16:11:01Z,N503SP,"42.211895,-71.187508",950,83,273
1768061463,2026-01-10T16:11:03Z,N503SP,"42.211845,-71.18885",975,85,261
1768061465,2026-01-10T16:11:05Z,N503SP,"42.211578,-71.190155",1000,88,251
1768061467,2026-01-10T16:11:07Z,N503SP,"42.211334,-71.190956",1000,90,244
1768061469,2026-01-10T16:11:09Z,N503SP,"42.210728,-71.192238",1050,93,234
1768061472,2026-01-10T16:11:12Z,N503SP,"42.210171,-71.19313",1075,94,226
1768061474,2026-01-10T16:11:14Z,N503SP,"42.209335,-71.194153",1100,97,220
1768061476,2026-01-10T16:11:16Z,N503SP,"42.208603,-71.194839",1125,98,213
1768061478,2026-01-10T16:11:18Z,N503SP,"42.207825,-71.195465",1150,98,209
1768061480,2026-01-10T16:11:20Z,N503SP,"42.207001,-71.196091",1175,99,206
1768061482,2026-01-10T16:11:22Z,N503SP,"42.20612,-71.196648",1200,100,204
1768061484,2026-01-10T16:11:24Z,N503SP,"42.205143,-71.19722",1225,99,203
1768061486,2026-01-10T16:11:26Z,N503SP,"42.204391,-71.197647",1250,99,203
1768061489,2026-01-10T16:11:29Z,N503SP,"42.203327,-71.198242",1300,98,202
1768061491,2026-01-10T16:11:31Z,N503SP,"42.202396,-71.198753",1325,98,202
1768061493,2026-01-10T16:11:33Z,N503SP,"42.201324,-71.199394",1375,98,202
1768061496,2026-01-10T16:11:36Z,N503SP,"42.200455,-71.199898",1400,98,202
1768061498,2026-01-10T16:11:38Z,N503SP,"42.199371,-71.200478",1425,98,202
1768061500,2026-01-10T16:11:40Z,N503SP,"42.198532,-71.20092",1450,99,203
1768061502,2026-01-10T16:11:42Z,N503SP,"42.197662,-71.201454",1475,99,203
1768061505,2026-01-10T16:11:45Z,N503SP,"42.196671,-71.202011",1500,99,203
1768061507,2026-01-10T16:11:47Z,N503SP,"42.195599,-71.202713",1525,99,205
1768061509,2026-01-10T16:11:49Z,N503SP,"42.194763,-71.203224",1550,99,205
1768061512,2026-01-10T16:11:52Z,N503SP,"42.193783,-71.203865",1575,99,206
1768061514,2026-01-10T16:11:54Z,N503SP,"42.192806,-71.204567",1625,99,207
1768061516,2026-01-10T16:11:56Z,N503SP,"42.19183,-71.205269",1650,98,209
1768061518,2026-01-10T16:11:58Z,N503SP,"42.191036,-71.205902",1675,98,210
1768061520,2026-01-10T16:12:00Z,N503SP,"42.190434,-71.206352",1700,98,211
1768061522,2026-01-10T16:12:02Z,N503SP,"42.189377,-71.20726",1725,98,211
1768061525,2026-01-10T16:12:05Z,N503SP,"42.188709,-71.207825",1725,100,211
1768061527,2026-01-10T16:12:07Z,N503SP,"42.187683,-71.208694",1725,103,212
1768061529,2026-01-10T16:12:09Z,N503SP,"42.186951,-71.20932",1725,107,212
1768061531,2026-01-10T16:12:11Z,N503SP,"42.185852,-71.210258",1725,110,213
1768061533,2026-01-10T16:12:13Z,N503SP,"42.18494,-71.211082",1750,112,213
1768061536,2026-01-10T16:12:16Z,N503SP,"42.184101,-71.211845",1725,111,213
1768061538,2026-01-10T16:12:18Z,N503SP,"42.183014,-71.212814",1750,112,213
1768061540,2026-01-10T16:12:20Z,N503SP,"42.181915,-71.21376",1750,111,213
1768061542,2026-01-10T16:12:22Z,N503SP,"42.180908,-71.214691",1750,111,213
1768061545,2026-01-10T16:12:25Z,N503SP,"42.179958,-71.215553",1750,111,213
1768061551,2026-01-10T16:12:31Z,N503SP,"42.1772,-71.217995",1775,110,212
1768061561,2026-01-10T16:12:41Z,N503SP,"42.173218,-71.221428",1775,111,211
1768061567,2026-01-10T16:12:47Z,N503SP,"42.170135,-71.223984",1775,113,212
1768061574,2026-01-10T16:12:54Z,N503SP,"42.167221,-71.226425",1775,115,211
1768061581,2026-01-10T16:13:01Z,N503SP,"42.164062,-71.229111",1750,115,212
1768061589,2026-01-10T16:13:09Z,N503SP,"42.160126,-71.232414",1775,114,212
1768061596,2026-01-10T16:13:16Z,N503SP,"42.157242,-71.234978",1775,113,213
1768061603,2026-01-10T16:13:23Z,N503SP,"42.154175,-71.237724",1775,114,213
1768061612,2026-01-10T16:13:32Z,N503SP,"42.15065,-71.240967",1775,116,213
1768061621,2026-01-10T16:13:41Z,N503SP,"42.146484,-71.244713",1775,117,215
1768061627,2026-01-10T16:13:47Z,N503SP,"42.143509,-71.24765",1775,117,216
1768061634,2026-01-10T16:13:54Z,N503SP,"42.140442,-71.25071",1775,118,216
1768061641,2026-01-10T16:14:01Z,N503SP,"42.137363,-71.253876",1775,118,217
1768061648,2026-01-10T16:14:08Z,N503SP,"42.134537,-71.256828",1775,118,218
1768061655,2026-01-10T16:14:15Z,N503SP,"42.131451,-71.260071",1775,119,218
1768061664,2026-01-10T16:14:24Z,N503SP,"42.12767,-71.26413",1725,123,218
1768061671,2026-01-10T16:14:31Z,N503SP,"42.12447,-71.267548",1725,123,218
1768061676,2026-01-10T16:14:36Z,N503SP,"42.122131,-71.269806",1725,122,213
1768061678,2026-01-10T16:14:38Z,N503SP,"42.12093,-71.270805",1725,122,210
1768061681,2026-01-10T16:14:41Z,N503SP,"42.119888,-71.271553",1725,122,206
1768061683,2026-01-10T16:14:43Z,N503SP,"42.118694,-71.272331",1725,122,204
1768061685,2026-01-10T16:14:45Z,N503SP,"42.117207,-71.273102",1700,123,200
1768061687,2026-01-10T16:14:47Z,N503SP,"42.116409,-71.273491",1700,123,198
1768061689,2026-01-10T16:14:49Z,N503SP,"42.114899,-71.274117",1700,124,196
1768061692,2026-01-10T16:14:52Z,N503SP,"42.113808,-71.274506",1675,123,195
1768061696,2026-01-10T16:14:56Z,N503SP,"42.111557,-71.275368",1700,122,195
1768061698,2026-01-10T16:14:58Z,N503SP,"42.110222,-71.275848",1700,121,195
1768061701,2026-01-10T16:15:01Z,N503SP,"42.109013,-71.276299",1700,120,195
1768061703,2026-01-10T16:15:03Z,N503SP,"42.107803,-71.276741",1700,120,196
1768061705,2026-01-10T16:15:05Z,N503SP,"42.106384,-71.277359",1700,120,197
1768061708,2026-01-10T16:15:08Z,N503SP,"42.104828,-71.277985",1700,119,197
1768061710,2026-01-10T16:15:10Z,N503SP,"42.103867,-71.278419",1725,118,198
1768061712,2026-01-10T16:15:12Z,N503SP,"42.102631,-71.278984",1725,118,198
1768061715,2026-01-10T16:15:15Z,N503SP,"42.101395,-71.279549",1725,117,198
1768061717,2026-01-10T16:15:17Z,N503SP,"42.10025,-71.280045",1750,116,200
1768061719,2026-01-10T16:15:19Z,N503SP,"42.099289,-71.280609",1750,114,202
1768061721,2026-01-10T16:15:21Z,N503SP,"42.098282,-71.281105",1775,113,202
1768061723,2026-01-10T16:15:23Z,N503SP,"42.097321,-71.28167",1775,113,201
1768061725,2026-01-10T16:15:25Z,N503SP,"42.09621,-71.282234",1775,113,201
1768061727,2026-01-10T16:15:27Z,N503SP,"42.095234,-71.282745",1750,114,200
1768061730,2026-01-10T16:15:30Z,N503SP,"42.093929,-71.283386",1750,115,200
1768061732,2026-01-10T16:15:32Z,N503SP,"42.092972,-71.283913",1750,116,201
1768061734,2026-01-10T16:15:34Z,N503SP,"42.091644,-71.284599",1725,117,201
1768061737,2026-01-10T16:15:37Z,N503SP,"42.090717,-71.28511",1725,117,201
1768061739,2026-01-10T16:15:39Z,N503SP,"42.089413,-71.285751",1725,116,201
1768061742,2026-01-10T16:15:42Z,N503SP,"42.088028,-71.286476",1725,116,200
1768061744,2026-01-10T16:15:44Z,N503SP,"42.086899,-71.287086",1725,115,201
1768061747,2026-01-10T16:15:47Z,N503SP,"42.085419,-71.287788",1725,115,200
1768061749,2026-01-10T16:15:49Z,N503SP,"42.084641,-71.288223",1725,116,200
1768061751,2026-01-10T16:15:51Z,N503SP,"42.083176,-71.28891",1725,116,199
1768061754,2026-01-10T16:15:54Z,N503SP,"42.081848,-71.289474",1725,117,196
1768061756,2026-01-10T16:15:56Z,N503SP,"42.081081,-71.289772",1725,118,196
1768061759,2026-01-10T16:15:59Z,N503SP,"42.079422,-71.290405",1700,120,195
1768061761,2026-01-10T16:16:01Z,N503SP,"42.078289,-71.290855",1700,120,196
1768061764,2026-01-10T16:16:04Z,N503SP,"42.07695,-71.291344",1675,122,196
1768061766,2026-01-10T16:16:06Z,N503SP,"42.075439,-71.291969",1675,121,197
1768061768,2026-01-10T16:16:08Z,N503SP,"42.074425,-71.292389",1675,120,197
1768061770,2026-01-10T16:16:10Z,N503SP,"42.073353,-71.2929",1700,120,198
1768061773,2026-01-10T16:16:13Z,N503SP,"42.071732,-71.293594",1700,119,198
1768061775,2026-01-10T16:16:15Z,N503SP,"42.070404,-71.294212",1725,118,198
1768061777,2026-01-10T16:16:17Z,N503SP,"42.069397,-71.294693",1725,117,198
1768061780,2026-01-10T16:16:20Z,N503SP,"42.068188,-71.295265",1725,117,198
1768061786,2026-01-10T16:16:26Z,N503SP,"42.06514,-71.296654",1725,117,199
1768061789,2026-01-10T16:16:29Z,N503SP,"42.063671,-71.297371",1725,118,200
1768061791,2026-01-10T16:16:31Z,N503SP,"42.062302,-71.298149",1725,119,201
1768061795,2026-01-10T16:16:35Z,N503SP,"42.060783,-71.298973",1725,119,203
1768061797,2026-01-10T16:16:37Z,N503SP,"42.059647,-71.299644",1725,119,204
1768061799,2026-01-10T16:16:39Z,N503SP,"42.058319,-71.300461",1725,118,205
1768061801,2026-01-10T16:16:41Z,N503SP,"42.057358,-71.301079",1725,118,206
1768061803,2026-01-10T16:16:43Z,N503SP,"42.056641,-71.30159",1750,117,206
1768061805,2026-01-10T16:16:45Z,N503SP,"42.055115,-71.302582",1750,115,206
1768061808,2026-01-10T16:16:48Z,N503SP,"42.054153,-71.303207",1775,114,205
1768061810,2026-01-10T16:16:50Z,N503SP,"42.05315,-71.303825",1775,114,205
1768061812,2026-01-10T16:16:52Z,N503SP,"42.051865,-71.304642",1775,114,204
1768061815,2026-01-10T16:16:55Z,N503SP,"42.051086,-71.305138",1775,115,205
1768061817,2026-01-10T16:16:57Z,N503SP,"42.049713,-71.306015",1750,116,205
1768061819,2026-01-10T16:16:59Z,N503SP,"42.048496,-71.306824",1750,117,206
1768061821,2026-01-10T16:17:01Z,N503SP,"42.047653,-71.307388",1750,118,207
1768061824,2026-01-10T16:17:04Z,N503SP,"42.046234,-71.308449",1725,119,208
1768061827,2026-01-10T16:17:07Z,N503SP,"42.04491,-71.309448",1725,120,210
1768061829,2026-01-10T16:17:09Z,N503SP,"42.044258,-71.309959",1700,122,210
1768061831,2026-01-10T16:17:11Z,N503SP,"42.04277,-71.311172",1725,123,210
1768061833,2026-01-10T16:17:13Z,N503SP,"42.04184,-71.311882",1750,121,210
1768061836,2026-01-10T16:17:16Z,N503SP,"42.040695,-71.312752",1825,117,209
1768061838,2026-01-10T16:17:18Z,N503SP,"42.039417,-71.313728",1875,113,209
1768061841,2026-01-10T16:17:21Z,N503SP,"42.038223,-71.314629",1950,110,209
1768061843,2026-01-10T16:17:23Z,N503SP,"42.037354,-71.315315",1975,109,209
1768061845,2026-01-10T16:17:25Z,N503SP,"42.036346,-71.316025",2025,107,209
1768061847,2026-01-10T16:17:27Z,N503SP,"42.035477,-71.31675",2075,104,209
1768061849,2026-01-10T16:17:29Z,N503SP,"42.034607,-71.317375",2100,102,209
1768061851,2026-01-10T16:17:31Z,N503SP,"42.033783,-71.318001",2150,101,208
1768061858,2026-01-10T16:17:38Z,N503SP,"42.030991,-71.320045",2250,98,209
1768061865,2026-01-10T16:17:45Z,N503SP,"42.028244,-71.32209",2375,94,208
1768061874,2026-01-10T16:17:54Z,N503SP,"42.024895,-71.324455",2500,97,206
1768061881,2026-01-10T16:18:01Z,N503SP,"42.02211,-71.326424",2575,99,208
1768061883,2026-01-10T16:18:03Z,N503SP,"42.021168,-71.327141",2600,98,209
1768061885,2026-01-10T16:18:05Z,N503SP,"42.020145,-71.327972",2625,98,209
1768061890,2026-01-10T16:18:10Z,N503SP,"42.018265,-71.3293",2700,97,208
1768061892,2026-01-10T16:18:12Z,N503SP,"42.017441,-71.329857",2725,98,207
1768061894,2026-01-10T16:18:14Z,N503SP,"42.016617,-71.330421",2750,99,206
1768061896,2026-01-10T16:18:16Z,N503SP,"42.016003,-71.330841",2750,100,205
1768061898,2026-01-10T16:18:18Z,N503SP,"42.01535,-71.33123",2775,100,205
1768061900,2026-01-10T16:18:20Z,N503SP,"42.014145,-71.331978",2825,98,205
1768061902,2026-01-10T16:18:22Z,N503SP,"42.013321,-71.332542",2850,97,205
1768061905,2026-01-10T16:18:25Z,N503SP,"42.012497,-71.333046",2875,96,205
1768061907,2026-01-10T16:18:27Z,N503SP,"42.011486,-71.333656",2925,95,205
1768061913,2026-01-10T16:18:33Z,N503SP,"42.009064,-71.335251",3025,93,205
1768061920,2026-01-10T16:18:40Z,N503SP,"42.006317,-71.336975",3125,90,205
1768061927,2026-01-10T16:18:47Z,N503SP,"42.003525,-71.338722",3225,91,204
1768061934,2026-01-10T16:18:54Z,N503SP,"42.000965,-71.340294",3250,97,204
1768061941,2026-01-10T16:19:01Z,N503SP,"41.99794,-71.342278",3275,105,207
1768061947,2026-01-10T16:19:07Z,N503SP,"41.995102,-71.344337",3275,110,209
1768061950,2026-01-10T16:19:10Z,N503SP,"41.994122,-71.345085",3275,109,210
1768061952,2026-01-10T16:19:12Z,N503SP,"41.992958,-71.346046",3250,110,212
1768061954,2026-01-10T16:19:14Z,N503SP,"41.992119,-71.346809",3250,110,215
1768061956,2026-01-10T16:19:16Z,N503SP,"41.99147,-71.347511",3225,111,216
1768061958,2026-01-10T16:19:18Z,N503SP,"41.990387,-71.348648",3225,111,218
1768061960,2026-01-10T16:19:20Z,N503SP,"41.9897,-71.349457",3225,111,221
1768061963,2026-01-10T16:19:23Z,N503SP,"41.988861,-71.350456",3200,111,222
1768061965,2026-01-10T16:19:25Z,N503SP,"41.987778,-71.35183",3200,112,223
1768061968,2026-01-10T16:19:28Z,N503SP,"41.987045,-71.352753",3175,111,222
1768061970,2026-01-10T16:19:30Z,N503SP,"41.986023,-71.353905",3175,110,219
1768061972,2026-01-10T16:19:32Z,N503SP,"41.98526,-71.354706",3175,109,215
1768061974,2026-01-10T16:19:34Z,N503SP,"41.984394,-71.355438",3175,108,212
1768061977,2026-01-10T16:19:37Z,N503SP,"41.983292,-71.356262",3175,107,207
1768061979,2026-01-10T16:19:39Z,N503SP,"41.982193,-71.356949",3175,107,202
1768061981,2026-01-10T16:19:41Z,N503SP,"41.981228,-71.357414",3175,107,196
1768061983,2026-01-10T16:19:43Z,N503SP,"41.98027,-71.357697",3150,108,190
1768061985,2026-01-10T16:19:45Z,N503SP,"41.979134,-71.357864",3125,110,183
1768061987,2026-01-10T16:19:47Z,N503SP,"41.977936,-71.357826",3075,112,177
1768061990,2026-01-10T16:19:50Z,N503SP,"41.976757,-71.357674",3050,114,171
1768061992,2026-01-10T16:19:52Z,N503SP,"41.975464,-71.357323",3025,114,166
1768061994,2026-01-10T16:19:54Z,N503SP,"41.974476,-71.356903",3025,113,160
1768061996,2026-01-10T16:19:56Z,N503SP,"41.973358,-71.356262",3025,110,155
1768061998,2026-01-10T16:19:58Z,N503SP,"41.972443,-71.355637",3050,106,151
1768062001,2026-01-10T16:20:01Z,N503SP,"41.971619,-71.35495",3075,100,146
1768062003,2026-01-10T16:20:03Z,N503SP,"41.970707,-71.354027",3125,96,141
1768062006,2026-01-10T16:20:06Z,N503SP,"41.969879,-71.353081",3150,93,136
1768062008,2026-01-10T16:20:08Z,N503SP,"41.969193,-71.352203",3150,92,134
1768062010,2026-01-10T16:20:10Z,N503SP,"41.968597,-71.351273",3150,92,132
1768062012,2026-01-10T16:20:12Z,N503SP,"41.968098,-71.350517",3150,91,130
1768062014,2026-01-10T16:20:14Z,N503SP,"41.967499,-71.349525",3175,91,128
1768062017,2026-01-10T16:20:17Z,N503SP,"41.966858,-71.348396",3150,91,126
1768062019,2026-01-10T16:20:19Z,N503SP,"41.96619,-71.347198",3150,91,126
1768062021,2026-01-10T16:20:21Z,N503SP,"41.965714,-71.346275",3150,92,124
1768062024,2026-01-10T16:20:24Z,N503SP,"41.965118,-71.345024",3150,91,122
1768062026,2026-01-10T16:20:26Z,N503SP,"41.964615,-71.343964",3150,92,121
1768062028,2026-01-10T16:20:28Z,N503SP,"41.963974,-71.34259",3150,92,121
1768062031,2026-01-10T16:20:31Z,N503SP,"41.96347,-71.341408",3150,92,121
1768062033,2026-01-10T16:20:33Z,N503SP,"41.962978,-71.340424",3175,92,122
1768062035,2026-01-10T16:20:35Z,N503SP,"41.962555,-71.33947",3175,91,122
1768062038,2026-01-10T16:20:38Z,N503SP,"41.961914,-71.338158",3175,90,123
1768062040,2026-01-10T16:20:40Z,N503SP,"41.961441,-71.337166",3175,90,124
1768062042,2026-01-10T16:20:42Z,N503SP,"41.960976,-71.336334",3175,91,125
1768062044,2026-01-10T16:20:44Z,N503SP,"41.960323,-71.335121",3175,90,126
1768062047,2026-01-10T16:20:47Z,N503SP,"41.959808,-71.334229",3175,91,126
1768062049,2026-01-10T16:20:49Z,N503SP,"41.959209,-71.333145",3175,91,125
1768062052,2026-01-10T16:20:52Z,N503SP,"41.958557,-71.331673",3175,91,120
1768062054,2026-01-10T16:20:54Z,N503SP,"41.958069,-71.330421",3150,93,115
1768062056,2026-01-10T16:20:56Z,N503SP,"41.957748,-71.3293",3150,92,108
1768062058,2026-01-10T16:20:58Z,N503SP,"41.957474,-71.327988",3150,92,104
1768062061,2026-01-10T16:21:01Z,N503SP,"41.957298,-71.32682",3175,91,99
1768062063,2026-01-10T16:21:03Z,N503SP,"41.957245,-71.325615",3175,90,94
1768062065,2026-01-10T16:21:05Z,N503SP,"41.957253,-71.324585",3200,88,88
1768062067,2026-01-10T16:21:07Z,N503SP,"41.957336,-71.323242",3225,87,84
1768062069,2026-01-10T16:21:09Z,N503SP,"41.957439,-71.322159",3225,85,82
1768062071,2026-01-10T16:21:11Z,N503SP,"41.957577,-71.321068",3250,85,80
1768062074,2026-01-10T16:21:14Z,N503SP,"41.957703,-71.320122",3250,85,80
1768062076,2026-01-10T16:21:16Z,N503SP,"41.95784,-71.318748",3250,85,81
1768062078,2026-01-10T16:21:18Z,N503SP,"41.957977,-71.317436",3225,87,82
1768062080,2026-01-10T16:21:20Z,N503SP,"41.958115,-71.316254",3225,90,83
1768062083,2026-01-10T16:21:23Z,N503SP,"41.958183,-71.314812",3200,92,85
1768062085,2026-01-10T16:21:25Z,N503SP,"41.958252,-71.313507",3175,94,85
1768062087,2026-01-10T16:21:27Z,N503SP,"41.958298,-71.312317",3175,95,87
1768062090,2026-01-10T16:21:30Z,N503SP,"41.958344,-71.310822",3175,94,88
1768062092,2026-01-10T16:21:32Z,N503SP,"41.95837,-71.3097",3200,92,90
1768062094,2026-01-10T16:21:34Z,N503SP,"41.958344,-71.30851",3200,91,91
1768062096,2026-01-10T16:21:36Z,N503SP,"41.958324,-71.307335",3225,89,91
1768062099,2026-01-10T16:21:39Z,N503SP,"41.958252,-71.305763",3225,88,92
1768062101,2026-01-10T16:21:41Z,N503SP,"41.958252,-71.304642",3225,88,91
1768062103,2026-01-10T16:21:43Z,N503SP,"41.958229,-71.303635",3225,88,91
1768062105,2026-01-10T16:21:45Z,N503SP,"41.958229,-71.302162",3225,90,90
1768062108,2026-01-10T16:21:48Z,N503SP,"41.958206,-71.300896",3225,91,90
1768062110,2026-01-10T16:21:50Z,N503SP,"41.958183,-71.299545",3200,93,91
1768062112,2026-01-10T16:21:52Z,N503SP,"41.958138,-71.298073",3175,95,93
1768062115,2026-01-10T16:21:55Z,N503SP,"41.958023,-71.296715",3175,96,95
1768062117,2026-01-10T16:21:57Z,N503SP,"41.957932,-71.295525",3175,96,98
1768062119,2026-01-10T16:21:59Z,N503SP,"41.957748,-71.294464",3175,94,102
1768062121,2026-01-10T16:22:01Z,N503SP,"41.957474,-71.293152",3200,92,106
1768062123,2026-01-10T16:22:03Z,N503SP,"41.957207,-71.292137",3200,91,110
1768062125,2026-01-10T16:22:05Z,N503SP,"41.956787,-71.290733",3200,90,112
1768062127,2026-01-10T16:22:07Z,N503SP,"41.956463,-71.289711",3200,90,112
1768062130,2026-01-10T16:22:10Z,N503SP,"41.956089,-71.2883",3225,90,110
1768062132,2026-01-10T16:22:12Z,N503SP,"41.955826,-71.287285",3225,90,108
1768062135,2026-01-10T16:22:15Z,N503SP,"41.955532,-71.285942",3225,91,105
1768062137,2026-01-10T16:22:17Z,N503SP,"41.95525,-71.284409",3225,91,102
1768062140,2026-01-10T16:22:20Z,N503SP,"41.955112,-71.283195",3225,92,98
1768062142,2026-01-10T16:22:22Z,N503SP,"41.954971,-71.281853",3200,92,96
1768062144,2026-01-10T16:22:24Z,N503SP,"41.954865,-71.28067",3200,92,94
1768062146,2026-01-10T16:22:26Z,N503SP,"41.954865,-71.279488",3200,92,90
1768062148,2026-01-10T16:22:28Z,N503SP,"41.95488,-71.278214",3200,92,88
1768062150,2026-01-10T16:22:30Z,N503SP,"41.954926,-71.277061",3200,92,85
1768062152,2026-01-10T16:22:32Z,N503SP,"41.955002,-71.275864",3200,92,82
1768062155,2026-01-10T16:22:35Z,N503SP,"41.955139,-71.274551",3200,93,80
1768062157,2026-01-10T16:22:37Z,N503SP,"41.955368,-71.273117",3200,93,79
1768062159,2026-01-10T16:22:39Z,N503SP,"41.955532,-71.272018",3200,93,78
1768062162,2026-01-10T16:22:42Z,N503SP,"41.955765,-71.270416",3200,94,77
1768062165,2026-01-10T16:22:45Z,N503SP,"41.956009,-71.268997",3200,94,77
1768062167,2026-01-10T16:22:47Z,N503SP,"41.956238,-71.267502",3200,94,79
1768062169,2026-01-10T16:22:49Z,N503SP,"41.956421,-71.266129",3200,94,80
1768062171,2026-01-10T16:22:51Z,N503SP,"41.956554,-71.264862",3200,94,80
1768062174,2026-01-10T16:22:54Z,N503SP,"41.956741,-71.263519",3200,94,80
1768062176,2026-01-10T16:22:56Z,N503SP,"41.956879,-71.262367",3200,93,80
1768062178,2026-01-10T16:22:58Z,N503SP,"41.957062,-71.260948",3200,93,80
1768062181,2026-01-10T16:23:01Z,N503SP,"41.957199,-71.259819",3200,92,81
1768062183,2026-01-10T16:23:03Z,N503SP,"41.957344,-71.258537",3200,92,81
1768062185,2026-01-10T16:23:05Z,N503SP,"41.957531,-71.256943",3225,91,80
1768062188,2026-01-10T16:23:08Z,N503SP,"41.957703,-71.255638",3225,91,79
1768062190,2026-01-10T16:23:10Z,N503SP,"41.95784,-71.254517",3200,92,80
1768062192,2026-01-10T16:23:12Z,N503SP,"41.958023,-71.253143",3200,93,81
1768062194,2026-01-10T16:23:14Z,N503SP,"41.958115,-71.252144",3200,93,82
1768062197,2026-01-10T16:23:17Z,N503SP,"41.958279,-71.250557",3200,93,82
1768062199,2026-01-10T16:23:19Z,N503SP,"41.958416,-71.249405",3200,94,82
1768062202,2026-01-10T16:23:22Z,N503SP,"41.958527,-71.247963",3175,94,82
1768062204,2026-01-10T16:23:24Z,N503SP,"41.958694,-71.246468",3200,94,82
1768062206,2026-01-10T16:23:26Z,N503SP,"41.95879,-71.245186",3175,94,82
1768062208,2026-01-10T16:23:28Z,N503SP,"41.958881,-71.244293",3175,94,82
1768062210,2026-01-10T16:23:30Z,N503SP,"41.95903,-71.242714",3175,94,82
1768062213,2026-01-10T16:23:33Z,N503SP,"41.959209,-71.241356",3200,93,82
1768062220,2026-01-10T16:23:40Z,N503SP,"41.959625,-71.237289",3200,92,81
1768062229,2026-01-10T16:23:49Z,N503SP,"41.960129,-71.23217",3200,92,82
1768062236,2026-01-10T16:23:56Z,N503SP,"41.960419,-71.228386",3200,91,85
1768062238,2026-01-10T16:23:58Z,N503SP,"41.960495,-71.22686",3225,91,86
1768062240,2026-01-10T16:24:00Z,N503SP,"41.960556,-71.225578",3225,91,86
1768062242,2026-01-10T16:24:02Z,N503SP,"41.960587,-71.224365",3225,91,87
1768062245,2026-01-10T16:24:05Z,N503SP,"41.960651,-71.222961",3225,91,86
1768062247,2026-01-10T16:24:07Z,N503SP,"41.960678,-71.22187",3225,92,86
1768062249,2026-01-10T16:24:09Z,N503SP,"41.960743,-71.220657",3200,93,86
1768062252,2026-01-10T16:24:12Z,N503SP,"41.960838,-71.219254",3200,94,85
1768062254,2026-01-10T16:24:14Z,N503SP,"41.96093,-71.217911",3200,95,85
1768062256,2026-01-10T16:24:16Z,N503SP,"41.960976,-71.216446",3175,96,86
1768062259,2026-01-10T16:24:19Z,N503SP,"41.961025,-71.214912",3175,96,88
1768062261,2026-01-10T16:24:21Z,N503SP,"41.961025,-71.213951",3175,97,91
1768062263,2026-01-10T16:24:23Z,N503SP,"41.960953,-71.21244",3175,97,93
1768062265,2026-01-10T16:24:25Z,N503SP,"41.960861,-71.211258",3150,97,96
1768062267,2026-01-10T16:24:27Z,N503SP,"41.960743,-71.209991",3150,98,98
1768062269,2026-01-10T16:24:29Z,N503SP,"41.960541,-71.208511",3150,98,99
1768062272,2026-01-10T16:24:32Z,N503SP,"41.960419,-71.207314",3125,98,101
1768062274,2026-01-10T16:24:34Z,N503SP,"41.960232,-71.2061",3125,99,102
1768062276,2026-01-10T16:24:36Z,N503SP,"41.959946,-71.204643",3125,99,102
1768062278,2026-01-10T16:24:38Z,N503SP,"41.959675,-71.202965",3125,99,102
1768062280,2026-01-10T16:24:40Z,N503SP,"41.959488,-71.20182",3125,99,102
1768062282,2026-01-10T16:24:42Z,N503SP,"41.959347,-71.200859",3125,99,101
1768062284,2026-01-10T16:24:44Z,N503SP,"41.95916,-71.199516",3125,98,100
1768062287,2026-01-10T16:24:47Z,N503SP,"41.958984,-71.198021",3100,99,98
1768062289,2026-01-10T16:24:49Z,N503SP,"41.958847,-71.196777",3100,97,97
1768062291,2026-01-10T16:24:51Z,N503SP,"41.95871,-71.195213",3125,96,95
1768062293,2026-01-10T16:24:53Z,N503SP,"41.958649,-71.194023",3125,94,95
1768062296,2026-01-10T16:24:56Z,N503SP,"41.958572,-71.192902",3150,91,93
1768062298,2026-01-10T16:24:58Z,N503SP,"41.958511,-71.191536",3175,90,92
1768062300,2026-01-10T16:25:00Z,N503SP,"41.958511,-71.190384",3175,89,91
1768062302,2026-01-10T16:25:02Z,N503SP,"41.958511,-71.189301",3175,90,91
1768062304,2026-01-10T16:25:04Z,N503SP,"41.958435,-71.188034",3175,90,92
1768062307,2026-01-10T16:25:07Z,N503SP,"41.958389,-71.186661",3175,90,95
1768062309,2026-01-10T16:25:09Z,N503SP,"41.958298,-71.185539",3150,91,96
1768062311,2026-01-10T16:25:11Z,N503SP,"41.958206,-71.184418",3175,91,97
1768062313,2026-01-10T16:25:13Z,N503SP,"41.958069,-71.183167",3150,91,98
1768062315,2026-01-10T16:25:15Z,N503SP,"41.957905,-71.181763",3175,90,97
1768062318,2026-01-10T16:25:18Z,N503SP,"41.957764,-71.18042",3175,90,97
1768062320,2026-01-10T16:25:20Z,N503SP,"41.957672,-71.179398",3175,89,97
1768062322,2026-01-10T16:25:22Z,N503SP,"41.957565,-71.178047",3200,89,96
1768062324,2026-01-10T16:25:24Z,N503SP,"41.957485,-71.17691",3200,89,97
1768062326,2026-01-10T16:25:26Z,N503SP,"41.957298,-71.175568",3200,90,101
1768062328,2026-01-10T16:25:28Z,N503SP,"41.957108,-71.174675",3175,92,107
1768062331,2026-01-10T16:25:31Z,N503SP,"41.956741,-71.173393",3175,93,114
1768062333,2026-01-10T16:25:33Z,N503SP,"41.95623,-71.17205",3150,94,120
1768062335,2026-01-10T16:25:35Z,N503SP,"41.955765,-71.171219",3150,94,124
1768062337,2026-01-10T16:25:37Z,N503SP,"41.955185,-71.17012",3150,95,128
1768062340,2026-01-10T16:25:40Z,N503SP,"41.954361,-71.168869",3150,95,129
1768062342,2026-01-10T16:25:42Z,N503SP,"41.953762,-71.1679",3150,94,131
1768062344,2026-01-10T16:25:44Z,N503SP,"41.953262,-71.167061",3150,92,131
1768062346,2026-01-10T16:25:46Z,N503SP,"41.952759,-71.166313",3175,90,130
1768062348,2026-01-10T16:25:48Z,N503SP,"41.952026,-71.165192",3175,90,129
1768062351,2026-01-10T16:25:51Z,N503SP,"41.951481,-71.164261",3200,89,127
1768062353,2026-01-10T16:25:53Z,N503SP,"41.950974,-71.163376",3175,90,128
1768062355,2026-01-10T16:25:55Z,N503SP,"41.950409,-71.162468",3175,89,128
1768062357,2026-01-10T16:25:57Z,N503SP,"41.949783,-71.161316",3200,89,128
1768062359,2026-01-10T16:25:59Z,N503SP,"41.949291,-71.160553",3200,89,128
1768062362,2026-01-10T16:26:02Z,N503SP,"41.948547,-71.159279",3200,89,128
1768062364,2026-01-10T16:26:04Z,N503SP,"41.948036,-71.158447",3200,90,129
1768062366,2026-01-10T16:26:06Z,N503SP,"41.94743,-71.157486",3200,90,129
1768062369,2026-01-10T16:26:09Z,N503SP,"41.946777,-71.156464",3175,91,130
1768062371,2026-01-10T16:26:11Z,N503SP,"41.946213,-71.15551",3175,92,130
1768062373,2026-01-10T16:26:13Z,N503SP,"41.945522,-71.154488",3175,92,131
1768062375,2026-01-10T16:26:15Z,N503SP,"41.944839,-71.15345",3175,92,132
1768062377,2026-01-10T16:26:17Z,N503SP,"41.944244,-71.152641",3175,93,134
1768062380,2026-01-10T16:26:20Z,N503SP,"41.943512,-71.151642",3175,94,135
1768062382,2026-01-10T16:26:22Z,N503SP,"41.942871,-71.150833",3175,94,137
1768062384,2026-01-10T16:26:24Z,N503SP,"41.942184,-71.150017",3175,94,138
1768062386,2026-01-10T16:26:26Z,N503SP,"41.941517,-71.149246",3175,95,139
1768062388,2026-01-10T16:26:28Z,N503SP,"41.940727,-71.148354",3175,95,140
1768062390,2026-01-10T16:26:30Z,N503SP,"41.940079,-71.147652",3175,95,141
1768062392,2026-01-10T16:26:32Z,N503SP,"41.939377,-71.14695",3175,95,143
1768062395,2026-01-10T16:26:35Z,N503SP,"41.938431,-71.146027",3150,95,145
1768062397,2026-01-10T16:26:37Z,N503SP,"41.937698,-71.145401",3175,94,147
1768062399,2026-01-10T16:26:39Z,N503SP,"41.936783,-71.144714",3200,91,149
1768062401,2026-01-10T16:26:41Z,N503SP,"41.93605,-71.14415",3200,90,150
1768062404,2026-01-10T16:26:44Z,N503SP,"41.935326,-71.143562",3225,88,150
1768062406,2026-01-10T16:26:46Z,N503SP,"41.934536,-71.142929",3225,86,150
1768062408,2026-01-10T16:26:48Z,N503SP,"41.933624,-71.14222",3250,85,149
1768062410,2026-01-10T16:26:50Z,N503SP,"41.932953,-71.141716",3250,85,150
1768062412,2026-01-10T16:26:52Z,N503SP,"41.932114,-71.141136",3250,86,151
1768062415,2026-01-10T16:26:55Z,N503SP,"41.931381,-71.140594",3250,87,153
1768062417,2026-01-10T16:26:57Z,N503SP,"41.930649,-71.14016",3250,89,156
1768062419,2026-01-10T16:26:59Z,N503SP,"41.9296,-71.139603",3225,91,159
1768062421,2026-01-10T16:27:01Z,N503SP,"41.928726,-71.139221",3200,92,161
1768062424,2026-01-10T16:27:04Z,N503SP,"41.927784,-71.138771",3200,93,160
1768062426,2026-01-10T16:27:06Z,N503SP,"41.926994,-71.138329",3200,91,157
1768062428,2026-01-10T16:27:08Z,N503SP,"41.926018,-71.137688",3225,90,153
1768062430,2026-01-10T16:27:10Z,N503SP,"41.925339,-71.137161",3225,89,146
1768062433,2026-01-10T16:27:13Z,N503SP,"41.924469,-71.136284",3225,88,140
1768062435,2026-01-10T16:27:15Z,N503SP,"41.923828,-71.135414",3225,89,134
1768062437,2026-01-10T16:27:17Z,N503SP,"41.923279,-71.134605",3225,89,126
1768062440,2026-01-10T16:27:20Z,N503SP,"41.922665,-71.133217",3200,90,119
1768062442,2026-01-10T16:27:22Z,N503SP,"41.922291,-71.132195",3200,92,112
1768062444,2026-01-10T16:27:24Z,N503SP,"41.921951,-71.130791",3200,93,106
1768062446,2026-01-10T16:27:26Z,N503SP,"41.921734,-71.129639",3200,92,102
1768062449,2026-01-10T16:27:29Z,N503SP,"41.921539,-71.128357",3200,92,98
1768062451,2026-01-10T16:27:31Z,N503SP,"41.921501,-71.127274",3200,90,94
1768062453,2026-01-10T16:27:33Z,N503SP,"41.921448,-71.126114",3225,89,90
1768062455,2026-01-10T16:27:35Z,N503SP,"41.921494,-71.124802",3225,88,86
1768062457,2026-01-10T16:27:37Z,N503SP,"41.921593,-71.123703",3250,86,81
1768062460,2026-01-10T16:27:40Z,N503SP,"41.92178,-71.122612",3250,86,78
1768062462,2026-01-10T16:27:42Z,N503SP,"41.922012,-71.121269",3250,85,75
1768062464,2026-01-10T16:27:44Z,N503SP,"41.922272,-71.119995",3275,85,73
1768062466,2026-01-10T16:27:46Z,N503SP,"41.922501,-71.118996",3275,85,72
1768062469,2026-01-10T16:27:49Z,N503SP,"41.922775,-71.117996",3275,85,71
1768062471,2026-01-10T16:27:51Z,N503SP,"41.92305,-71.116753",3275,85,73
1768062473,2026-01-10T16:27:53Z,N503SP,"41.923325,-71.11544",3275,86,73
1768062476,2026-01-10T16:27:56Z,N503SP,"41.923553,-71.11438",3275,86,73
1768062478,2026-01-10T16:27:58Z,N503SP,"41.923874,-71.113029",3275,86,73
1768062481,2026-01-10T16:28:01Z,N503SP,"41.924103,-71.111946",3275,86,73
1768062483,2026-01-10T16:28:03Z,N503SP,"41.924469,-71.110321",3275,85,73
1768062485,2026-01-10T16:28:05Z,N503SP,"41.924744,-71.109322",3300,85,71
1768062488,2026-01-10T16:28:08Z,N503SP,"41.925037,-71.108047",3300,85,71
1768062490,2026-01-10T16:28:10Z,N503SP,"41.925339,-71.106758",3300,86,72
1768062492,2026-01-10T16:28:12Z,N503SP,"41.925613,-71.105637",3275,87,72
1768062495,2026-01-10T16:28:15Z,N503SP,"41.925877,-71.104408",3275,89,73
1768062497,2026-01-10T16:28:17Z,N503SP,"41.926163,-71.103264",3250,92,73
1768062499,2026-01-10T16:28:19Z,N503SP,"41.926434,-71.101852",3225,95,74
1768062502,2026-01-10T16:28:22Z,N503SP,"41.926716,-71.100449",3225,96,74
1768062505,2026-01-10T16:28:25Z,N503SP,"41.92704,-71.098854",3225,95,76
1768062507,2026-01-10T16:28:27Z,N503SP,"41.927216,-71.097771",3225,94,76
1768062509,2026-01-10T16:28:29Z,N503SP,"41.927505,-71.096237",3225,92,75
1768062511,2026-01-10T16:28:31Z,N503SP,"41.927738,-71.095085",3250,92,73
1768062513,2026-01-10T16:28:33Z,N503SP,"41.928017,-71.094002",3250,92,72
1768062516,2026-01-10T16:28:36Z,N503SP,"41.928314,-71.092651",3250,92,70
1768062518,2026-01-10T16:28:38Z,N503SP,"41.928669,-71.091446",3250,91,69
1768062521,2026-01-10T16:28:41Z,N503SP,"41.929047,-71.090096",3250,92,70
1768062523,2026-01-10T16:28:43Z,N503SP,"41.929321,-71.088951",3250,92,70
1768062525,2026-01-10T16:28:45Z,N503SP,"41.929596,-71.087914",3250,92,70
1768062527,2026-01-10T16:28:47Z,N503SP,"41.929962,-71.08654",3250,93,70
1768062530,2026-01-10T16:28:50Z,N503SP,"41.930252,-71.085503",3250,93,70
1768062532,2026-01-10T16:28:52Z,N503SP,"41.930649,-71.084099",3250,93,69
1768062534,2026-01-10T16:28:54Z,N503SP,"41.930996,-71.082886",3250,93,69
1768062536,2026-01-10T16:28:56Z,N503SP,"41.931335,-71.081665",3250,92,69
1768062538,2026-01-10T16:28:58Z,N503SP,"41.93161,-71.080734",3250,91,68
1768062541,2026-01-10T16:29:01Z,N503SP,"41.931976,-71.079544",3275,90,67
1768062543,2026-01-10T16:29:03Z,N503SP,"41.932388,-71.07811",3275,90,67
1768062545,2026-01-10T16:29:05Z,N503SP,"41.932674,-71.077133",3275,90,67
1768062553,2026-01-10T16:29:13Z,N503SP,"41.933899,-71.073303",3250,91,66
1768062560,2026-01-10T16:29:20Z,N503SP,"41.935181,-71.069305",3250,91,66
1768062567,2026-01-10T16:29:27Z,N503SP,"41.936256,-71.065895",3250,91,68
1768062576,2026-01-10T16:29:36Z,N503SP,"41.937744,-71.060822",3225,93,69
1768062583,2026-01-10T16:29:43Z,N503SP,"41.938725,-71.057335",3225,92,69
1768062591,2026-01-10T16:29:51Z,N503SP,"41.940075,-71.052605",3225,93,69
1768062600,2026-01-10T16:30:00Z,N503SP,"41.94138,-71.047882",3200,95,70
1768062602,2026-01-10T16:30:02Z,N503SP,"41.941727,-71.046402",3200,94,71
1768062605,2026-01-10T16:30:05Z,N503SP,"41.941956,-71.045464",3200,94,72
1768062607,2026-01-10T16:30:07Z,N503SP,"41.942276,-71.044029",3200,93,73
1768062609,2026-01-10T16:30:09Z,N503SP,"41.942589,-71.04277",3225,93,73
1768062611,2026-01-10T16:30:11Z,N503SP,"41.942825,-71.041595",3225,93,73
1768062614,2026-01-10T16:30:14Z,N503SP,"41.943146,-71.040215",3225,93,73
1768062616,2026-01-10T16:30:16Z,N503SP,"41.943375,-71.039032",3225,93,74
1768062618,2026-01-10T16:30:18Z,N503SP,"41.943611,-71.037849",3225,93,75
1768062620,2026-01-10T16:30:20Z,N503SP,"41.943832,-71.036659",3225,93,75
1768062623,2026-01-10T16:30:23Z,N503SP,"41.944126,-71.035423",3225,92,74
1768062625,2026-01-10T16:30:25Z,N503SP,"41.944473,-71.033791",3225,92,73
1768062627,2026-01-10T16:30:27Z,N503SP,"41.944729,-71.032616",3200,93,73
1768062630,2026-01-10T16:30:30Z,N503SP,"41.945023,-71.031296",3225,93,71
1768062632,2026-01-10T16:30:32Z,N503SP,"41.94529,-71.030319",3200,93,71
1768062634,2026-01-10T16:30:34Z,N503SP,"41.945614,-71.028908",3200,93,71
1768062636,2026-01-10T16:30:36Z,N503SP,"41.945938,-71.027611",3225,92,71
1768062639,2026-01-10T16:30:39Z,N503SP,"41.94622,-71.026482",3225,92,70
1768062641,2026-01-10T16:30:41Z,N503SP,"41.946533,-71.02536",3225,91,70
1768062643,2026-01-10T16:30:43Z,N503SP,"41.946964,-71.023804",3225,91,70
1768062646,2026-01-10T16:30:46Z,N503SP,"41.94722,-71.022804",3225,91,69
1768062648,2026-01-10T16:30:48Z,N503SP,"41.947495,-71.021744",3225,92,70
1768062650,2026-01-10T16:30:50Z,N503SP,"41.947861,-71.020432",3225,93,70
1768062652,2026-01-10T16:30:52Z,N503SP,"41.948128,-71.019394",3225,93,71
1768062654,2026-01-10T16:30:54Z,N503SP,"41.948364,-71.01825",3225,94,74
1768062656,2026-01-10T16:30:56Z,N503SP,"41.948593,-71.017029",3200,95,77
1768062658,2026-01-10T16:30:58Z,N503SP,"41.948776,-71.015564",3200,96,84
1768062661,2026-01-10T16:31:01Z,N503SP,"41.948822,-71.014313",3175,98,90
1768062663,2026-01-10T16:31:03Z,N503SP,"41.948734,-71.013069",3150,99,100
1768062665,2026-01-10T16:31:05Z,N503SP,"41.948502,-71.011856",3150,100,109
1768062668,2026-01-10T16:31:08Z,N503SP,"41.947849,-71.009941",3125,102,119
1768062670,2026-01-10T16:31:10Z,N503SP,"41.947105,-71.008598",3100,103,128
1768062673,2026-01-10T16:31:13Z,N503SP,"41.946487,-71.007698",3100,103,136
1768062675,2026-01-10T16:31:15Z,N503SP,"41.94548,-71.006508",3075,104,138
1768062677,2026-01-10T16:31:17Z,N503SP,"41.944702,-71.005699",3075,105,143
1768062680,2026-01-10T16:31:20Z,N503SP,"41.943832,-71.00489",3050,103,147
1768062682,2026-01-10T16:31:22Z,N503SP,"41.943008,-71.004204",3075,102,148
1768062684,2026-01-10T16:31:24Z,N503SP,"41.942169,-71.003616",3100,98,151
1768062686,2026-01-10T16:31:26Z,N503SP,"41.941177,-71.002892",3125,94,152
1768062688,2026-01-10T16:31:28Z,N503SP,"41.940445,-71.002388",3175,89,152
1768062691,2026-01-10T16:31:31Z,N503SP,"41.939468,-71.001701",3200,87,152
1768062693,2026-01-10T16:31:33Z,N503SP,"41.938816,-71.001251",3200,86,152
1768062695,2026-01-10T16:31:35Z,N503SP,"41.937927,-71.000641",3200,87,152
1768062697,2026-01-10T16:31:37Z,N503SP,"41.937195,-71.000145",3200,90,153
1768062700,2026-01-10T16:31:40Z,N503SP,"41.936211,-70.999527",3175,93,155
1768062702,2026-01-10T16:31:42Z,N503SP,"41.935234,-70.999016",3150,94,156
1768062704,2026-01-10T16:31:44Z,N503SP,"41.934349,-70.998505",3150,95,158
1768062707,2026-01-10T16:31:47Z,N503SP,"41.933258,-70.997963",3150,94,158
1768062709,2026-01-10T16:31:49Z,N503SP,"41.932343,-70.997459",3150,94,156
1768062711,2026-01-10T16:31:51Z,N503SP,"41.931564,-70.996895",3175,93,153
1768062713,2026-01-10T16:31:53Z,N503SP,"41.930923,-70.996399",3175,92,147
1768062715,2026-01-10T16:31:55Z,N503SP,"41.930099,-70.99559",3175,92,141
1768062717,2026-01-10T16:31:57Z,N503SP,"41.929508,-70.994804",3150,93,133
1768062720,2026-01-10T16:32:00Z,N503SP,"41.92881,-70.993591",3125,94,124
1768062722,2026-01-10T16:32:02Z,N503SP,"41.928391,-70.992569",3100,96,117
1768062724,2026-01-10T16:32:04Z,N503SP,"41.928017,-70.991035",3100,99,106
1768062727,2026-01-10T16:32:07Z,N503SP,"41.927784,-70.989563",3075,100,97
1768062729,2026-01-10T16:32:09Z,N503SP,"41.927738,-70.988289",3050,103,92
1768062731,2026-01-10T16:32:11Z,N503SP,"41.927784,-70.987007",3025,104,87
1768062733,2026-01-10T16:32:13Z,N503SP,"41.927879,-70.985603",3025,103,85
1768062735,2026-01-10T16:32:15Z,N503SP,"41.927994,-70.984161",3050,100,82
1768062738,2026-01-10T16:32:18Z,N503SP,"41.928158,-70.982666",3075,97,81
1768062740,2026-01-10T16:32:20Z,N503SP,"41.928249,-70.981514",3100,91,82
1768062742,2026-01-10T16:32:22Z,N503SP,"41.92836,-70.980232",3150,86,84
1768062745,2026-01-10T16:32:25Z,N503SP,"41.928406,-70.97892",3175,83,87
1768062747,2026-01-10T16:32:27Z,N503SP,"41.928452,-70.977547",3200,82,90
1768062749,2026-01-10T16:32:29Z,N503SP,"41.928406,-70.976799",3200,82,92
1768062751,2026-01-10T16:32:31Z,N503SP,"41.928314,-70.975426",3200,83,94
1768062754,2026-01-10T16:32:34Z,N503SP,"41.928249,-70.974426",3200,84,96
1768062756,2026-01-10T16:32:36Z,N503SP,"41.928158,-70.973152",3175,85,97
1768062758,2026-01-10T16:32:38Z,N503SP,"41.928017,-70.97187",3175,87,97
1768062760,2026-01-10T16:32:40Z,N503SP,"41.927879,-70.970787",3175,87,98
1768062763,2026-01-10T16:32:43Z,N503SP,"41.927719,-70.969368",3175,88,98
1768062765,2026-01-10T16:32:45Z,N503SP,"41.927628,-70.968369",3175,88,99
1768062767,2026-01-10T16:32:47Z,N503SP,"41.92746,-70.96727",3175,86,99
1768062769,2026-01-10T16:32:49Z,N503SP,"41.927307,-70.965996",3200,84,99
1768062771,2026-01-10T16:32:51Z,N503SP,"41.927181,-70.965034",3225,80,100
1768062774,2026-01-10T16:32:54Z,N503SP,"41.927032,-70.963814",3250,78,99
1768062776,2026-01-10T16:32:56Z,N503SP,"41.926899,-70.962738",3275,76,98
1768062778,2026-01-10T16:32:58Z,N503SP,"41.926758,-70.961571",3300,75,98
1768062780,2026-01-10T16:33:00Z,N503SP,"41.926666,-70.960754",3300,76,98
1768062783,2026-01-10T16:33:03Z,N503SP,"41.926575,-70.959572",3300,76,98
1768062785,2026-01-10T16:33:05Z,N503SP,"41.926434,-70.95871",3300,76,98
1768062787,2026-01-10T16:33:07Z,N503SP,"41.926346,-70.957634",3300,76,99
1768062789,2026-01-10T16:33:09Z,N503SP,"41.926163,-70.956383",3325,76,99
1768062791,2026-01-10T16:33:11Z,N503SP,"41.926025,-70.955513",3350,75,100
1768062793,2026-01-10T16:33:13Z,N503SP,"41.925888,-70.954575",3325,76,101
1768062796,2026-01-10T16:33:16Z,N503SP,"41.925751,-70.953636",3325,78,101
1768062798,2026-01-10T16:33:18Z,N503SP,"41.925552,-70.952393",3300,82,101
1768062800,2026-01-10T16:33:20Z,N503SP,"41.925365,-70.951241",3275,86,103
1768062802,2026-01-10T16:33:22Z,N503SP,"41.925156,-70.950142",3250,87,103
1768062805,2026-01-10T16:33:25Z,N503SP,"41.924973,-70.948959",3250,89,103
1768062807,2026-01-10T16:33:27Z,N503SP,"41.924713,-70.947723",3250,89,103
1768062809,2026-01-10T16:33:29Z,N503SP,"41.924526,-70.94664",3250,89,102
1768062811,2026-01-10T16:33:31Z,N503SP,"41.924332,-70.945213",3250,88,101
1768062814,2026-01-10T16:33:34Z,N503SP,"41.924152,-70.944153",3275,88,100
1768062816,2026-01-10T16:33:36Z,N503SP,"41.923969,-70.942741",3275,88,99
1768062818,2026-01-10T16:33:38Z,N503SP,"41.923828,-70.941658",3275,88,100
1768062820,2026-01-10T16:33:40Z,N503SP,"41.923687,-70.940575",3250,89,101
1768062822,2026-01-10T16:33:42Z,N503SP,"41.923462,-70.939217",3275,90,102
1768062824,2026-01-10T16:33:44Z,N503SP,"41.923279,-70.938156",3325,88,102
1768062826,2026-01-10T16:33:46Z,N503SP,"41.923096,-70.937096",3375,84,102
1768062829,2026-01-10T16:33:49Z,N503SP,"41.922958,-70.936096",3400,81,101
1768062831,2026-01-10T16:33:51Z,N503SP,"41.922806,-70.935013",3450,79,100
1768062833,2026-01-10T16:33:53Z,N503SP,"41.922665,-70.9338",3500,77,98
1768062835,2026-01-10T16:33:55Z,N503SP,"41.922573,-70.932976",3525,79,96
1768062837,2026-01-10T16:33:57Z,N503SP,"41.922455,-70.931602",3525,83,94
1768062840,2026-01-10T16:34:00Z,N503SP,"41.922409,-70.930542",3525,85,94
1768062842,2026-01-10T16:34:02Z,N503SP,"41.922363,-70.929482",3525,88,93
1768062844,2026-01-10T16:34:04Z,N503SP,"41.922272,-70.928169",3550,89,94
1768062846,2026-01-10T16:34:06Z,N503SP,"41.92218,-70.927048",3550,90,95
1768062849,2026-01-10T16:34:09Z,N503SP,"41.922058,-70.925438",3550,91,97
1768062851,2026-01-10T16:34:11Z,N503SP,"41.921921,-70.924286",3550,92,100
1768062853,2026-01-10T16:34:13Z,N503SP,"41.921677,-70.922867",3525,94,102
1768062856,2026-01-10T16:34:16Z,N503SP,"41.921455,-70.921669",3525,96,104
1768062858,2026-01-10T16:34:18Z,N503SP,"41.921223,-70.920517",3500,97,105
1768062860,2026-01-10T16:34:20Z,N503SP,"41.92094,-70.919304",3475,98,105
1768062862,2026-01-10T16:34:22Z,N503SP,"41.920616,-70.917831",3475,98,107
1768062864,2026-01-10T16:34:24Z,N503SP,"41.920292,-70.916428",3500,96,109
1768062867,2026-01-10T16:34:27Z,N503SP,"41.919964,-70.915344",3525,93,110
1768062869,2026-01-10T16:34:29Z,N503SP,"41.919617,-70.914253",3550,91,112
1768062871,2026-01-10T16:34:31Z,N503SP,"41.91925,-70.913002",3550,91,113
1768062873,2026-01-10T16:34:33Z,N503SP,"41.918941,-70.912086",3550,91,115
1768062875,2026-01-10T16:34:35Z,N503SP,"41.918472,-70.91082",3550,93,116
1768062877,2026-01-10T16:34:37Z,N503SP,"41.917961,-70.909592",3525,95,118
1768062880,2026-01-10T16:34:40Z,N503SP,"41.917545,-70.908569",3500,97,121
1768062882,2026-01-10T16:34:42Z,N503SP,"41.916893,-70.907234",3500,98,123
1768062884,2026-01-10T16:34:44Z,N503SP,"41.916275,-70.906013",3500,96,125
1768062886,2026-01-10T16:34:46Z,N503SP,"41.915726,-70.905075",3525,95,127
1768062889,2026-01-10T16:34:49Z,N503SP,"41.915169,-70.904099",3550,93,128
1768062891,2026-01-10T16:34:51Z,N503SP,"41.914627,-70.903267",3550,92,129
1768062893,2026-01-10T16:34:53Z,N503SP,"41.914097,-70.902443",3550,91,130
1768062895,2026-01-10T16:34:55Z,N503SP,"41.913437,-70.90139",3575,90,130
1768062897,2026-01-10T16:34:57Z,N503SP,"41.912983,-70.90065",3575,90,131
1768062900,2026-01-10T16:35:00Z,N503SP,"41.912189,-70.899437",3550,92,132
1768062902,2026-01-10T16:35:02Z,N503SP,"41.911514,-70.898521",3550,93,133
1768062904,2026-01-10T16:35:04Z,N503SP,"41.910919,-70.897644",3550,94,134
1768062906,2026-01-10T16:35:06Z,N503SP,"41.910233,-70.896713",3525,96,135
1768062908,2026-01-10T16:35:08Z,N503SP,"41.909397,-70.895668",3525,97,136
1768062911,2026-01-10T16:35:11Z,N503SP,"41.908768,-70.894897",3525,97,138
1768062913,2026-01-10T16:35:13Z,N503SP,"41.907768,-70.893753",3525,96,140
1768062915,2026-01-10T16:35:15Z,N503SP,"41.90712,-70.893089",3550,94,141
1768062918,2026-01-10T16:35:18Z,N503SP,"41.906418,-70.892349",3575,93,142
1768062920,2026-01-10T16:35:20Z,N503SP,"41.905426,-70.891342",3575,92,142
1768062923,2026-01-10T16:35:23Z,N503SP,"41.904835,-70.890755",3575,92,143
1768062925,2026-01-10T16:35:25Z,N503SP,"41.903904,-70.889793",3575,92,142
1768062927,2026-01-10T16:35:27Z,N503SP,"41.902973,-70.888832",3575,93,143
1768062930,2026-01-10T16:35:30Z,N503SP,"41.902176,-70.888031",3575,95,143
1768062932,2026-01-10T16:35:32Z,N503SP,"41.901398,-70.887283",3550,96,143
1768062934,2026-01-10T16:35:34Z,N503SP,"41.900528,-70.886414",3525,97,144
1768062939,2026-01-10T16:35:39Z,N503SP,"41.898968,-70.885002",3525,99,145
1768062941,2026-01-10T16:35:41Z,N503SP,"41.898102,-70.884163",3525,100,146
1768062943,2026-01-10T16:35:43Z,N503SP,"41.897461,-70.883667",3525,101,148
1768062945,2026-01-10T16:35:45Z,N503SP,"41.896454,-70.882828",3500,100,149
1768062947,2026-01-10T16:35:47Z,N503SP,"41.895573,-70.882195",3500,101,150
1768062949,2026-01-10T16:35:49Z,N503SP,"41.894779,-70.881554",3525,99,150
1768062951,2026-01-10T16:35:51Z,N503SP,"41.893982,-70.880981",3500,99,151
1768062953,2026-01-10T16:35:53Z,N503SP,"41.89315,-70.880402",3525,98,152
1768062955,2026-01-10T16:35:55Z,N503SP,"41.892242,-70.87973",3525,97,152
1768062957,2026-01-10T16:35:57Z,N503SP,"41.891418,-70.879173",3550,96,152
1768062960,2026-01-10T16:36:00Z,N503SP,"41.890366,-70.878487",3550,96,154
1768062962,2026-01-10T16:36:02Z,N503SP,"41.889751,-70.878105",3525,97,155
1768062964,2026-01-10T16:36:04Z,N503SP,"41.888542,-70.877335",3525,97,155
1768062966,2026-01-10T16:36:06Z,N503SP,"41.887756,-70.876862",3525,97,155
1768062969,2026-01-10T16:36:09Z,N503SP,"41.886932,-70.876358",3525,97,155
1768062971,2026-01-10T16:36:11Z,N503SP,"41.885933,-70.87574",3525,97,155
1768062973,2026-01-10T16:36:13Z,N503SP,"41.884911,-70.875099",3525,97,155
1768062975,2026-01-10T16:36:15Z,N503SP,"41.883934,-70.874527",3525,98,156
1768062977,2026-01-10T16:36:17Z,N503SP,"41.883186,-70.874077",3525,98,157
1768062980,2026-01-10T16:36:20Z,N503SP,"41.882397,-70.873695",3525,99,157
1768062982,2026-01-10T16:36:22Z,N503SP,"41.881348,-70.873116",3500,99,156
1768062984,2026-01-10T16:36:24Z,N503SP,"41.880161,-70.872292",3525,98,153
1768062987,2026-01-10T16:36:27Z,N503SP,"41.879288,-70.87162",3525,96,148
1768062989,2026-01-10T16:36:29Z,N503SP,"41.87851,-70.870804",3550,95,140
1768062991,2026-01-10T16:36:31Z,N503SP,"41.877869,-70.869995",3550,94,131
1768062993,2026-01-10T16:36:33Z,N503SP,"41.877228,-70.868843",3550,94,124
1768062996,2026-01-10T16:36:36Z,N503SP,"41.876762,-70.867821",3550,95,118
1768062998,2026-01-10T16:36:38Z,N503SP,"41.876358,-70.866684",3525,96,112
1768063000,2026-01-10T16:36:40Z,N503SP,"41.876083,-70.86544",3525,96,106
1768063002,2026-01-10T16:36:42Z,N503SP,"41.875854,-70.864128",3525,97,98
1768063005,2026-01-10T16:36:45Z,N503SP,"41.875763,-70.862503",3525,97,92
1768063007,2026-01-10T16:36:47Z,N503SP,"41.875809,-70.86132",3525,96,84
1768063009,2026-01-10T16:36:49Z,N503SP,"41.875992,-70.859756",3525,96,78
1768063012,2026-01-10T16:36:52Z,N503SP,"41.876221,-70.858574",3525,96,72
1768063014,2026-01-10T16:36:54Z,N503SP,"41.876633,-70.857132",3525,96,68
1768063016,2026-01-10T16:36:56Z,N503SP,"41.876907,-70.856262",3525,96,65
1768063018,2026-01-10T16:36:58Z,N503SP,"41.877365,-70.85495",3525,95,63
1768063020,2026-01-10T16:37:00Z,N503SP,"41.877777,-70.853889",3525,96,63
1768063022,2026-01-10T16:37:02Z,N503SP,"41.8783,-70.852554",3525,95,63
1768063025,2026-01-10T16:37:05Z,N503SP,"41.878738,-70.851395",3525,95,63
1768063027,2026-01-10T16:37:07Z,N503SP,"41.879093,-70.850449",3550,94,62
1768063029,2026-01-10T16:37:09Z,N503SP,"41.879562,-70.849335",3550,94,60
1768063031,2026-01-10T16:37:11Z,N503SP,"41.880066,-70.848083",3550,93,59
1768063033,2026-01-10T16:37:13Z,N503SP,"41.880615,-70.846901",3550,93,59
1768063036,2026-01-10T16:37:16Z,N503SP,"41.881027,-70.845833",3550,95,60
1768063038,2026-01-10T16:37:18Z,N503SP,"41.881466,-70.844765",3525,96,62
1768063040,2026-01-10T16:37:20Z,N503SP,"41.882023,-70.843353",3525,97,62
1768063042,2026-01-10T16:37:22Z,N503SP,"41.882488,-70.842209",3525,97,61
1768063044,2026-01-10T16:37:24Z,N503SP,"41.882862,-70.841316",3525,98,60
1768063047,2026-01-10T16:37:27Z,N503SP,"41.883373,-70.840096",3525,97,59
1768063049,2026-01-10T16:37:29Z,N503SP,"41.883957,-70.838783",3525,96,58
1768063051,2026-01-10T16:37:31Z,N503SP,"41.884537,-70.837547",3550,95,57
1768063054,2026-01-10T16:37:34Z,N503SP,"41.88501,-70.836472",3550,94,57
1768063056,2026-01-10T16:37:36Z,N503SP,"41.885609,-70.835243",3550,94,57
1768063059,2026-01-10T16:37:39Z,N503SP,"41.8862,-70.833977",3550,95,57
1768063061,2026-01-10T16:37:41Z,N503SP,"41.886658,-70.832977",3525,96,58
1768063063,2026-01-10T16:37:43Z,N503SP,"41.887253,-70.831726",3525,96,58
1768063066,2026-01-10T16:37:46Z,N503SP,"41.887848,-70.830421",3525,96,59
1768063068,2026-01-10T16:37:48Z,N503SP,"41.888306,-70.829353",3550,95,59
1768063070,2026-01-10T16:37:50Z,N503SP,"41.888901,-70.828049",3550,95,58
1768063072,2026-01-10T16:37:52Z,N503SP,"41.889378,-70.827003",3550,94,57
1768063074,2026-01-10T16:37:54Z,N503SP,"41.889862,-70.825989",3550,94,56
1768063077,2026-01-10T16:37:57Z,N503SP,"41.890411,-70.824928",3550,94,55
1768063079,2026-01-10T16:37:59Z,N503SP,"41.89101,-70.823685",3550,94,55
1768063081,2026-01-10T16:38:01Z,N503SP,"41.891521,-70.822723",3550,95,56
1768063083,2026-01-10T16:38:03Z,N503SP,"41.891891,-70.82196",3550,95,56
1768063085,2026-01-10T16:38:05Z,N503SP,"41.892517,-70.820679",3550,96,57
1768063088,2026-01-10T16:38:08Z,N503SP,"41.893105,-70.819405",3525,96,58
1768063090,2026-01-10T16:38:10Z,N503SP,"41.89357,-70.818436",3525,97,59
1768063092,2026-01-10T16:38:12Z,N503SP,"41.894035,-70.81736",3525,98,60
1768063094,2026-01-10T16:38:14Z,N503SP,"41.894455,-70.816277",3525,97,60
1768063096,2026-01-10T16:38:16Z,N503SP,"41.895012,-70.814995",3525,98,61
1768063098,2026-01-10T16:38:18Z,N503SP,"41.895523,-70.813721",3525,98,61
1768063101,2026-01-10T16:38:21Z,N503SP,"41.895897,-70.812759",3525,97,61
1768063103,2026-01-10T16:38:23Z,N503SP,"41.896454,-70.811356",3525,98,62
1768063105,2026-01-10T16:38:25Z,N503SP,"41.896919,-70.810204",3500,98,62
1768063107,2026-01-10T16:38:27Z,N503SP,"41.897369,-70.809067",3500,97,62
1768063109,2026-01-10T16:38:29Z,N503SP,"41.897854,-70.807777",3500,97,62
1768063112,2026-01-10T16:38:32Z,N503SP,"41.898331,-70.806572",3500,98,62
1768063114,2026-01-10T16:38:34Z,N503SP,"41.898876,-70.805222",3500,98,62
1768063117,2026-01-10T16:38:37Z,N503SP,"41.899338,-70.804077",3500,98,61
1768063123,2026-01-10T16:38:43Z,N503SP,"41.900848,-70.800392",3500,97,62
1768063126,2026-01-10T16:38:46Z,N503SP,"41.901215,-70.799271",3500,97,64
1768063128,2026-01-10T16:38:48Z,N503SP,"41.901669,-70.798004",3500,95,65
1768063130,2026-01-10T16:38:50Z,N503SP,"41.902042,-70.79686",3525,94,66
1768063132,2026-01-10T16:38:52Z,N503SP,"41.902462,-70.795578",3525,93,66
1768063135,2026-01-10T16:38:55Z,N503SP,"41.902817,-70.794464",3525,93,66
1768063137,2026-01-10T16:38:57Z,N503SP,"41.903229,-70.793152",3525,93,66
1768063139,2026-01-10T16:38:59Z,N503SP,"41.903625,-70.791939",3525,94,66
1768063142,2026-01-10T16:39:02Z,N503SP,"41.904045,-70.790726",3500,95,66
1768063144,2026-01-10T16:39:04Z,N503SP,"41.904465,-70.789406",3500,96,66
1768063146,2026-01-10T16:39:06Z,N503SP,"41.904922,-70.78791",3500,96,68
1768063149,2026-01-10T16:39:09Z,N503SP,"41.905243,-70.78685",3500,96,68
1768063151,2026-01-10T16:39:11Z,N503SP,"41.905624,-70.785423",3500,95,68
1768063153,2026-01-10T16:39:13Z,N503SP,"41.90593,-70.784416",3500,96,67
1768063155,2026-01-10T16:39:15Z,N503SP,"41.906372,-70.782997",3500,95,67
1768063158,2026-01-10T16:39:18Z,N503SP,"41.906742,-70.781914",3500,95,65
1768063160,2026-01-10T16:39:20Z,N503SP,"41.907211,-70.780602",3500,94,63
1768063162,2026-01-10T16:39:22Z,N503SP,"41.907627,-70.77948",3500,95,62
1768063164,2026-01-10T16:39:24Z,N503SP,"41.908092,-70.778206",3500,95,62
1768063166,2026-01-10T16:39:26Z,N503SP,"41.908512,-70.777184",3500,95,63
1768063169,2026-01-10T16:39:29Z,N503SP,"41.908997,-70.775864",3500,95,63
1768063171,2026-01-10T16:39:31Z,N503SP,"41.909409,-70.774803",3500,95,63
1768063173,2026-01-10T16:39:33Z,N503SP,"41.909771,-70.773926",3525,95,63
1768063175,2026-01-10T16:39:35Z,N503SP,"41.910233,-70.772614",3500,95,63
1768063177,2026-01-10T16:39:37Z,N503SP,"41.91069,-70.771431",3525,95,63
1768063180,2026-01-10T16:39:40Z,N503SP,"41.911167,-70.770157",3525,94,62
1768063182,2026-01-10T16:39:42Z,N503SP,"41.91156,-70.769119",3525,94,62
1768063184,2026-01-10T16:39:44Z,N503SP,"41.912109,-70.767685",3525,93,63
1768063186,2026-01-10T16:39:46Z,N503SP,"41.912518,-70.766579",3550,92,63
1768063189,2026-01-10T16:39:49Z,N503SP,"41.912888,-70.765495",3550,92,64
1768063195,2026-01-10T16:39:55Z,N503SP,"41.914124,-70.762131",3550,92,63
1768063199,2026-01-10T16:39:59Z,N503SP,"41.914856,-70.760132",3550,93,64
1768063201,2026-01-10T16:40:01Z,N503SP,"41.91531,-70.758789",3550,94,66
1768063204,2026-01-10T16:40:04Z,N503SP,"41.91568,-70.757507",3550,94,68
1768063206,2026-01-10T16:40:06Z,N503SP,"41.916008,-70.756363",3550,95,69
1768063208,2026-01-10T16:40:08Z,N503SP,"41.916321,-70.755196",3550,96,70
1768063210,2026-01-10T16:40:10Z,N503SP,"41.916595,-70.754074",3525,96,70
1768063213,2026-01-10T16:40:13Z,N503SP,"41.91703,-70.752525",3525,97,69
1768063215,2026-01-10T16:40:15Z,N503SP,"41.917328,-70.751457",3525,97,67
1768063217,2026-01-10T16:40:17Z,N503SP,"41.917786,-70.750145",3525,97,67
1768063219,2026-01-10T16:40:19Z,N503SP,"41.918152,-70.749016",3525,97,65
1768063221,2026-01-10T16:40:21Z,N503SP,"41.918613,-70.747673",3525,97,65
1768063224,2026-01-10T16:40:24Z,N503SP,"41.918987,-70.746521",3525,97,65
1768063226,2026-01-10T16:40:26Z,N503SP,"41.919544,-70.745056",3525,97,63
1768063228,2026-01-10T16:40:28Z,N503SP,"41.919937,-70.743904",3550,96,62
1768063231,2026-01-10T16:40:31Z,N503SP,"41.920395,-70.742775",3550,95,62
1768063233,2026-01-10T16:40:33Z,N503SP,"41.920849,-70.741669",3550,94,62
1768063235,2026-01-10T16:40:35Z,N503SP,"41.921265,-70.740593",3550,95,62
1768063237,2026-01-10T16:40:37Z,N503SP,"41.921638,-70.739563",3550,96,62
1768063239,2026-01-10T16:40:39Z,N503SP,"41.922089,-70.738411",3525,98,63
1768063242,2026-01-10T16:40:42Z,N503SP,"41.922638,-70.736908",3500,100,63
1768063244,2026-01-10T16:40:44Z,N503SP,"41.92305,-70.735725",3500,102,65
1768063246,2026-01-10T16:40:46Z,N503SP,"41.923416,-70.734596",3475,103,66
1768063248,2026-01-10T16:40:48Z,N503SP,"41.923874,-70.733162",3450,104,67
1768063250,2026-01-10T16:40:50Z,N503SP,"41.924248,-70.731895",3475,102,69
1768063253,2026-01-10T16:40:53Z,N503SP,"41.924606,-70.730415",3475,99,72
1768063255,2026-01-10T16:40:55Z,N503SP,"41.92485,-70.729218",3475,95,74
1768063257,2026-01-10T16:40:57Z,N503SP,"41.925083,-70.728065",3475,94,75
1768063259,2026-01-10T16:40:59Z,N503SP,"41.925339,-70.726669",3475,93,76
1768063262,2026-01-10T16:41:02Z,N503SP,"41.925613,-70.725296",3425,95,77
1768063264,2026-01-10T16:41:04Z,N503SP,"41.925785,-70.724106",3400,95,78
1768063266,2026-01-10T16:41:06Z,N503SP,"41.92598,-70.722618",3350,98,80
1768063268,2026-01-10T16:41:08Z,N503SP,"41.926155,-70.721291",3300,100,81
1768063271,2026-01-10T16:41:11Z,N503SP,"41.926296,-70.719696",3275,100,82
1768063273,2026-01-10T16:41:13Z,N503SP,"41.926434,-70.718742",3250,101,82
1768063275,2026-01-10T16:41:15Z,N503SP,"41.926575,-70.716995",3200,102,82
1768063278,2026-01-10T16:41:18Z,N503SP,"41.926716,-70.715416",3175,103,83
1768063280,2026-01-10T16:41:20Z,N503SP,"41.926849,-70.713814",3125,103,84
1768063283,2026-01-10T16:41:23Z,N503SP,"41.926949,-70.712479",3100,102,84
1768063285,2026-01-10T16:41:25Z,N503SP,"41.92704,-70.710884",3075,102,84
1768063288,2026-01-10T16:41:28Z,N503SP,"41.92717,-70.709381",3050,101,83
1768063290,2026-01-10T16:41:30Z,N503SP,"41.927353,-70.707817",3025,100,82
1768063292,2026-01-10T16:41:32Z,N503SP,"41.927505,-70.706223",3000,100,80
1768063294,2026-01-10T16:41:34Z,N503SP,"41.927673,-70.70507",2975,100,79
1768063296,2026-01-10T16:41:36Z,N503SP,"41.927879,-70.703918",2950,101,78
1768063299,2026-01-10T16:41:39Z,N503SP,"41.928085,-70.702515",2950,100,77
1768063301,2026-01-10T16:41:41Z,N503SP,"41.928314,-70.70089",2925,100,78
1768063303,2026-01-10T16:41:43Z,N503SP,"41.928543,-70.699577",2900,99,79
1768063305,2026-01-10T16:41:45Z,N503SP,"41.92868,-70.698334",2875,99,79
1768063307,2026-01-10T16:41:47Z,N503SP,"41.928864,-70.697273",2850,99,80
1768063309,2026-01-10T16:41:49Z,N503SP,"41.929043,-70.695747",2825,99,80
1768063312,2026-01-10T16:41:52Z,N503SP,"41.92918,-70.694656",2800,100,80
1768063314,2026-01-10T16:41:54Z,N503SP,"41.929367,-70.693062",2775,100,80
1768063316,2026-01-10T16:41:56Z,N503SP,"41.929504,-70.692154",2750,99,80
1768063318,2026-01-10T16:41:58Z,N503SP,"41.929688,-70.690529",2725,100,80
1768063320,2026-01-10T16:42:00Z,N503SP,"41.929871,-70.689346",2700,99,80
1768063322,2026-01-10T16:42:02Z,N503SP,"41.930065,-70.68782",2675,99,80
1768063325,2026-01-10T16:42:05Z,N503SP,"41.930206,-70.686607",2650,99,80
1768063331,2026-01-10T16:42:11Z,N503SP,"41.93074,-70.682411",2575,99,81
1768063338,2026-01-10T16:42:18Z,N503SP,"41.931107,-70.678482",2475,99,83
1768063347,2026-01-10T16:42:27Z,N503SP,"41.931564,-70.672928",2400,96,84
1768063349,2026-01-10T16:42:29Z,N503SP,"41.93161,-70.671806",2375,94,85
1768063351,2026-01-10T16:42:31Z,N503SP,"41.931694,-70.670448",2375,93,85
1768063354,2026-01-10T16:42:34Z,N503SP,"41.931747,-70.669243",2350,93,86
1768063356,2026-01-10T16:42:36Z,N503SP,"41.931835,-70.66777",2325,93,86
1768063358,2026-01-10T16:42:38Z,N503SP,"41.931885,-70.666374",2275,94,88
1768063361,2026-01-10T16:42:41Z,N503SP,"41.931885,-70.665184",2250,95,88
1768063363,2026-01-10T16:42:43Z,N503SP,"41.931881,-70.663681",2225,96,88
1768063365,2026-01-10T16:42:45Z,N503SP,"41.931931,-70.662567",2175,97,88
1768063368,2026-01-10T16:42:48Z,N503SP,"41.931976,-70.661003",2150,96,85
1768063370,2026-01-10T16:42:50Z,N503SP,"41.932114,-70.659653",2125,96,81
1768063372,2026-01-10T16:42:52Z,N503SP,"41.932346,-70.658249",2100,96,76
1768063375,2026-01-10T16:42:55Z,N503SP,"41.932709,-70.6567",2075,96,70
1768063377,2026-01-10T16:42:57Z,N503SP,"41.933029,-70.655571",2050,97,65
1768063379,2026-01-10T16:42:59Z,N503SP,"41.93351,-70.654289",2025,97,62
1768063382,2026-01-10T16:43:02Z,N503SP,"41.934116,-70.652824",1975,97,57
1768063384,2026-01-10T16:43:04Z,N503SP,"41.934586,-70.651955",1975,98,54
1768063386,2026-01-10T16:43:06Z,N503SP,"41.935318,-70.650764",1925,99,49
1768063388,2026-01-10T16:43:08Z,N503SP,"41.935932,-70.649879",1900,100,45
1768063391,2026-01-10T16:43:11Z,N503SP,"41.936863,-70.648796",1875,102,40
1768063393,2026-01-10T16:43:13Z,N503SP,"41.937607,-70.648033",1850,104,35
1768063395,2026-01-10T16:43:15Z,N503SP,"41.938679,-70.647133",1800,105,30
1768063397,2026-01-10T16:43:17Z,N503SP,"41.939438,-70.646584",1800,106,26
1768063400,2026-01-10T16:43:20Z,N503SP,"41.940586,-70.64592",1775,106,23
1768063402,2026-01-10T16:43:22Z,N503SP,"41.941612,-70.645287",1775,104,23
1768063404,2026-01-10T16:43:24Z,N503SP,"41.942497,-70.644836",1775,100,22
1768063407,2026-01-10T16:43:27Z,N503SP,"41.943558,-70.644272",1775,97,21
1768063409,2026-01-10T16:43:29Z,N503SP,"41.944748,-70.643654",1775,96,19
1768063412,2026-01-10T16:43:32Z,N503SP,"41.94566,-70.643242",1800,96,18
1768063414,2026-01-10T16:43:34Z,N503SP,"41.946873,-70.642792",1825,98,16
1768063417,2026-01-10T16:43:37Z,N503SP,"41.947708,-70.64241",1800,99,15
1768063419,2026-01-10T16:43:39Z,N503SP,"41.948868,-70.641968",1800,102,15
1768063421,2026-01-10T16:43:41Z,N503SP,"41.949966,-70.641525",1775,105,16
1768063423,2026-01-10T16:43:43Z,N503SP,"41.951019,-70.64109",1750,107,17
1768063425,2026-01-10T16:43:45Z,N503SP,"41.952072,-70.640656",1750,107,18
1768063428,2026-01-10T16:43:48Z,N503SP,"41.953171,-70.640091",1750,106,20
1768063430,2026-01-10T16:43:50Z,N503SP,"41.954041,-70.639664",1775,104,21
1768063433,2026-01-10T16:43:53Z,N503SP,"41.955204,-70.639023",1775,102,23
1768063435,2026-01-10T16:43:55Z,N503SP,"41.956238,-70.638344",1800,100,25
1768063437,2026-01-10T16:43:57Z,N503SP,"41.957111,-70.63781",1800,99,25
1768063439,2026-01-10T16:43:59Z,N503SP,"41.958069,-70.637161",1825,98,25
1768063442,2026-01-10T16:44:02Z,N503SP,"41.959076,-70.636536",1825,99,25
1768063444,2026-01-10T16:44:04Z,N503SP,"41.9599,-70.636032",1825,98,23
1768063446,2026-01-10T16:44:06Z,N503SP,"41.960976,-70.635445",1850,99,20
1768063448,2026-01-10T16:44:08Z,N503SP,"41.961914,-70.635101",1850,99,16
1768063450,2026-01-10T16:44:10Z,N503SP,"41.962887,-70.634811",1850,102,10
1768063453,2026-01-10T16:44:13Z,N503SP,"41.964005,-70.634613",1850,105,3
1768063455,2026-01-10T16:44:15Z,N503SP,"41.965347,-70.634727",1850,108,356
1768063458,2026-01-10T16:44:18Z,N503SP,"41.966583,-70.634972",1850,111,349
1768063460,2026-01-10T16:44:20Z,N503SP,"41.967495,-70.635384",1850,113,341
1768063462,2026-01-10T16:44:22Z,N503SP,"41.968472,-70.635895",1850,115,335
1768063465,2026-01-10T16:44:25Z,N503SP,"41.969696,-70.636719",1850,117,329
1768063467,2026-01-10T16:44:27Z,N503SP,"41.970661,-70.637619",1825,118,324
1768063469,2026-01-10T16:44:29Z,N503SP,"41.971802,-70.638847",1825,119,321
1768063471,2026-01-10T16:44:31Z,N503SP,"41.97266,-70.639854",1850,118,317
1768063473,2026-01-10T16:44:33Z,N503SP,"41.973495,-70.640968",1850,117,313
1768063475,2026-01-10T16:44:35Z,N503SP,"41.974243,-70.64209",1875,116,311
1768063478,2026-01-10T16:44:38Z,N503SP,"41.975098,-70.643463",1875,116,308
1768063480,2026-01-10T16:44:40Z,N503SP,"41.975739,-70.644646",1875,116,305
1768063482,2026-01-10T16:44:42Z,N503SP,"41.976387,-70.64592",1875,117,303
1768063484,2026-01-10T16:44:44Z,N503SP,"41.976944,-70.647133",1875,118,301
1768063486,2026-01-10T16:44:46Z,N503SP,"41.977642,-70.648666",1875,119,300
1768063488,2026-01-10T16:44:48Z,N503SP,"41.978203,-70.649948",1850,121,301
1768063490,2026-01-10T16:44:50Z,N503SP,"41.978806,-70.651222",1850,122,301
1768063493,2026-01-10T16:44:53Z,N503SP,"41.979504,-70.652824",1850,123,302
1768063495,2026-01-10T16:44:55Z,N503SP,"41.980251,-70.65435",1850,123,302
1768063497,2026-01-10T16:44:57Z,N503SP,"41.98082,-70.655571",1850,122,302
1768063499,2026-01-10T16:44:59Z,N503SP,"41.981415,-70.656883",1850,121,301
1768063502,2026-01-10T16:45:02Z,N503SP,"41.982204,-70.658569",1875,120,300
1768063504,2026-01-10T16:45:04Z,N503SP,"41.982716,-70.659912",1875,119,298
1768063506,2026-01-10T16:45:06Z,N503SP,"41.983337,-70.661568",1900,118,296
1768063508,2026-01-10T16:45:08Z,N503SP,"41.983887,-70.663002",1900,118,295
1768063510,2026-01-10T16:45:10Z,N503SP,"41.984394,-70.664383",1900,118,295
1768063513,2026-01-10T16:45:13Z,N503SP,"41.984894,-70.665749",1900,118,296
1768063515,2026-01-10T16:45:15Z,N503SP,"41.985306,-70.666931",1900,118,297
1768063517,2026-01-10T16:45:17Z,N503SP,"41.985901,-70.668373",1900,119,299
1768063520,2026-01-10T16:45:20Z,N503SP,"41.986721,-70.670197",1875,119,301
1768063522,2026-01-10T16:45:22Z,N503SP,"41.987457,-70.671806",1875,119,301
1768063524,2026-01-10T16:45:24Z,N503SP,"41.987961,-70.672928",1875,119,301
1768063527,2026-01-10T16:45:27Z,N503SP,"41.988785,-70.674675",1900,117,301
1768063529,2026-01-10T16:45:29Z,N503SP,"41.989243,-70.675797",1900,116,300
1768063531,2026-01-10T16:45:31Z,N503SP,"41.9897,-70.676796",1925,115,299
1768063533,2026-01-10T16:45:33Z,N503SP,"41.990479,-70.678673",1925,114,298
1768063536,2026-01-10T16:45:36Z,N503SP,"41.991188,-70.680481",1925,114,297
1768063538,2026-01-10T16:45:38Z,N503SP,"41.991714,-70.681793",1925,114,297
1768063540,2026-01-10T16:45:40Z,N503SP,"41.992306,-70.68335",1925,114,297
1768063543,2026-01-10T16:45:43Z,N503SP,"41.992813,-70.684662",1925,114,296
1768063545,2026-01-10T16:45:45Z,N503SP,"41.993271,-70.685974",1925,115,296
1768063547,2026-01-10T16:45:47Z,N503SP,"41.993935,-70.68782",1925,115,295
1768063550,2026-01-10T16:45:50Z,N503SP,"41.99437,-70.689095",1925,115,294
1768063552,2026-01-10T16:45:52Z,N503SP,"41.994961,-70.690697",1925,115,294
1768063554,2026-01-10T16:45:54Z,N503SP,"41.995422,-70.692093",1925,116,294
1768063556,2026-01-10T16:45:56Z,N503SP,"41.995926,-70.693649",1925,116,294
1768063559,2026-01-10T16:45:59Z,N503SP,"41.996403,-70.695038",1925,117,294
1768063561,2026-01-10T16:46:01Z,N503SP,"41.996933,-70.696709",1900,117,293
1768063563,2026-01-10T16:46:03Z,N503SP,"41.997482,-70.698334",1900,118,293
1768063568,2026-01-10T16:46:08Z,N503SP,"41.998398,-70.701393",1875,120,292
1768063570,2026-01-10T16:46:10Z,N503SP,"41.998825,-70.702705",1875,121,292
1768063573,2026-01-10T16:46:13Z,N503SP,"41.999496,-70.704826",1875,122,293
1768063575,2026-01-10T16:46:15Z,N503SP,"41.999989,-70.706284",1850,123,294
1768063577,2026-01-10T16:46:17Z,N503SP,"42.000595,-70.707886",1850,123,296
1768063579,2026-01-10T16:46:19Z,N503SP,"42.001057,-70.709221",1850,124,296
1768063582,2026-01-10T16:46:22Z,N503SP,"42.001572,-70.710564",1850,124,296
1768063584,2026-01-10T16:46:24Z,N503SP,"42.00227,-70.712349",1850,122,296
1768063586,2026-01-10T16:46:26Z,N503SP,"42.002735,-70.713753",1850,122,296
1768063588,2026-01-10T16:46:28Z,N503SP,"42.003387,-70.715485",1850,122,296
1768063591,2026-01-10T16:46:31Z,N503SP,"42.004028,-70.717247",1825,123,295
1768063593,2026-01-10T16:46:33Z,N503SP,"42.004578,-70.718742",1825,125,295
1768063595,2026-01-10T16:46:35Z,N503SP,"42.005108,-70.720268",1800,127,296
1768063598,2026-01-10T16:46:38Z,N503SP,"42.005768,-70.722054",1775,128,296
1768063600,2026-01-10T16:46:40Z,N503SP,"42.006409,-70.72374",1800,127,296
1768063602,2026-01-10T16:46:42Z,N503SP,"42.007065,-70.725449",1800,124,297
1768063605,2026-01-10T16:46:45Z,N503SP,"42.007622,-70.726852",1825,123,297
1768063612,2026-01-10T16:46:52Z,N503SP,"42.009567,-70.731728",1775,125,298
1768063616,2026-01-10T16:46:56Z,N503SP,"42.01062,-70.734413",1750,127,297
1768063619,2026-01-10T16:46:59Z,N503SP,"42.011486,-70.736557",1750,127,297
1768063623,2026-01-10T16:47:03Z,N503SP,"42.012497,-70.739159",1775,123,298
1768063630,2026-01-10T16:47:10Z,N503SP,"42.014511,-70.744095",1775,123,298
1768063639,2026-01-10T16:47:19Z,N503SP,"42.017075,-70.750206",1725,127,300
1768063641,2026-01-10T16:47:21Z,N503SP,"42.017807,-70.751831",1725,126,302
1768063643,2026-01-10T16:47:23Z,N503SP,"42.018402,-70.753136",1725,123,302
1768063646,2026-01-10T16:47:26Z,N503SP,"42.018887,-70.754128",1750,120,302
1768063648,2026-01-10T16:47:28Z,N503SP,"42.019775,-70.756073",1775,119,301
1768063650,2026-01-10T16:47:30Z,N503SP,"42.020237,-70.756996",1800,118,301
1768063653,2026-01-10T16:47:33Z,N503SP,"42.021076,-70.758919",1775,119,301
1768063655,2026-01-10T16:47:35Z,N503SP,"42.02182,-70.760574",1775,120,301
1768063657,2026-01-10T16:47:37Z,N503SP,"42.022339,-70.761757",1775,120,299
1768063659,2026-01-10T16:47:39Z,N503SP,"42.023029,-70.76339",1775,120,299
1768063661,2026-01-10T16:47:41Z,N503SP,"42.023621,-70.764748",1775,120,298
1768063664,2026-01-10T16:47:44Z,N503SP,"42.024101,-70.766006",1775,121,298
1768063666,2026-01-10T16:47:46Z,N503SP,"42.024708,-70.767471",1775,121,297
1768063668,2026-01-10T16:47:48Z,N503SP,"42.025219,-70.768814",1775,121,296
1768063670,2026-01-10T16:47:50Z,N503SP,"42.025635,-70.769997",1775,122,295
1768063672,2026-01-10T16:47:52Z,N503SP,"42.026382,-70.772141",1775,121,295
1768063675,2026-01-10T16:47:55Z,N503SP,"42.026871,-70.773552",1775,122,295
1768063677,2026-01-10T16:47:57Z,N503SP,"42.027359,-70.774887",1775,121,294
1768063679,2026-01-10T16:47:59Z,N503SP,"42.027966,-70.776672",1775,120,294
1768063681,2026-01-10T16:48:01Z,N503SP,"42.028427,-70.778046",1800,120,293
1768063683,2026-01-10T16:48:03Z,N503SP,"42.028851,-70.779358",1800,119,292
1768063685,2026-01-10T16:48:05Z,N503SP,"42.029343,-70.781105",1775,120,292
1768063688,2026-01-10T16:48:08Z,N503SP,"42.029781,-70.782417",1775,121,292
1768063690,2026-01-10T16:48:10Z,N503SP,"42.030338,-70.784271",1750,122,293
1768063693,2026-01-10T16:48:13Z,N503SP,"42.030945,-70.786186",1775,122,293
1768063695,2026-01-10T16:48:15Z,N503SP,"42.031364,-70.787468",1775,121,293
1768063697,2026-01-10T16:48:17Z,N503SP,"42.03186,-70.78891",1775,121,293
1768063704,2026-01-10T16:48:24Z,N503SP,"42.033459,-70.793793",1750,120,294
1768063711,2026-01-10T16:48:31Z,N503SP,"42.035019,-70.798523",1750,121,294
1768063717,2026-01-10T16:48:37Z,N503SP,"42.036346,-70.80233",1750,119,294
1768063726,2026-01-10T16:48:46Z,N503SP,"42.038406,-70.808823",1750,121,291
1768063732,2026-01-10T16:48:52Z,N503SP,"42.039791,-70.81353",1750,121,292
1768063739,2026-01-10T16:48:59Z,N503SP,"42.04129,-70.818306",1725,121,294
1768063742,2026-01-10T16:49:02Z,N503SP,"42.041794,-70.819679",1700,121,295
1768063744,2026-01-10T16:49:04Z,N503SP,"42.042397,-70.821381",1700,122,297
1768063746,2026-01-10T16:49:06Z,N503SP,"42.043049,-70.822983",1700,121,298
1768063748,2026-01-10T16:49:08Z,N503SP,"42.043579,-70.824242",1700,120,299
1768063750,2026-01-10T16:49:10Z,N503SP,"42.044266,-70.825798",1700,119,300
1768063753,2026-01-10T16:49:13Z,N503SP,"42.044861,-70.827171",1725,117,301
1768063755,2026-01-10T16:49:15Z,N503SP,"42.045422,-70.828346",1725,116,302
1768063757,2026-01-10T16:49:17Z,N503SP,"42.046169,-70.82988",1750,115,302
1768063760,2026-01-10T16:49:20Z,N503SP,"42.046921,-70.831413",1750,115,302
1768063762,2026-01-10T16:49:22Z,N503SP,"42.047565,-70.832817",1750,115,302
1768063764,2026-01-10T16:49:24Z,N503SP,"42.048157,-70.834099",1725,117,302
1768063766,2026-01-10T16:49:26Z,N503SP,"42.048729,-70.835243",1725,117,302
1768063769,2026-01-10T16:49:29Z,N503SP,"42.049576,-70.837036",1725,117,302
1768063771,2026-01-10T16:49:31Z,N503SP,"42.050217,-70.838371",1725,117,302
1768063773,2026-01-10T16:49:33Z,N503SP,"42.050949,-70.839905",1725,117,302
1768063775,2026-01-10T16:49:35Z,N503SP,"42.051476,-70.841057",1750,117,301
1768063778,2026-01-10T16:49:38Z,N503SP,"42.052139,-70.842529",1750,116,300
1768063780,2026-01-10T16:49:40Z,N503SP,"42.052685,-70.843803",1750,117,299
1768063787,2026-01-10T16:49:47Z,N503SP,"42.054642,-70.848404",1725,118,299
1768063795,2026-01-10T16:49:55Z,N503SP,"42.0569,-70.853699",1725,117,299
1768063802,2026-01-10T16:50:02Z,N503SP,"42.058552,-70.857796",1750,115,297
1768063804,2026-01-10T16:50:04Z,N503SP,"42.059063,-70.85907",1775,114,296
1768063806,2026-01-10T16:50:06Z,N503SP,"42.059555,-70.860443",1775,114,295
1768063809,2026-01-10T16:50:09Z,N503SP,"42.060104,-70.862068",1775,114,295
1768063811,2026-01-10T16:50:11Z,N503SP,"42.060654,-70.863625",1750,115,294
1768063813,2026-01-10T16:50:13Z,N503SP,"42.061203,-70.86525",1750,115,293
1768063815,2026-01-10T16:50:15Z,N503SP,"42.061523,-70.86631",1750,116,293
1768063818,2026-01-10T16:50:18Z,N503SP,"42.062134,-70.868271",1750,117,292
1768063820,2026-01-10T16:50:20Z,N503SP,"42.062347,-70.868996",1750,117,291
1768063822,2026-01-10T16:50:22Z,N503SP,"42.062881,-70.870819",1750,117,291
1768063824,2026-01-10T16:50:24Z,N503SP,"42.063347,-70.872421",1750,116,291
1768063826,2026-01-10T16:50:26Z,N503SP,"42.063763,-70.873764",1750,115,290
1768063828,2026-01-10T16:50:28Z,N503SP,"42.064228,-70.875488",1775,114,290
1768063831,2026-01-10T16:50:31Z,N503SP,"42.064602,-70.876823",1775,113,290
1768063833,2026-01-10T16:50:33Z,N503SP,"42.065067,-70.878548",1800,113,290
1768063836,2026-01-10T16:50:36Z,N503SP,"42.065552,-70.880356",1800,113,289
1768063838,2026-01-10T16:50:38Z,N503SP,"42.065952,-70.882065",1800,113,288
1768063840,2026-01-10T16:50:40Z,N503SP,"42.066238,-70.883041",1800,114,287
1768063843,2026-01-10T16:50:43Z,N503SP,"42.066696,-70.885101",1775,114,287
1768063845,2026-01-10T16:50:45Z,N503SP,"42.066929,-70.886086",1775,115,287
1768063847,2026-01-10T16:50:47Z,N503SP,"42.067429,-70.888222",1775,115,287
1768063854,2026-01-10T16:50:54Z,N503SP,"42.068436,-70.892715",1800,113,286
1768063861,2026-01-10T16:51:01Z,N503SP,"42.069397,-70.897026",1800,112,285
1768063863,2026-01-10T16:51:03Z,N503SP,"42.069771,-70.898865",1800,113,285
1768063870,2026-01-10T16:51:10Z,N503SP,"42.070793,-70.903526",1775,115,288
1768063872,2026-01-10T16:51:12Z,N503SP,"42.071167,-70.904869",1775,116,289
1768063874,2026-01-10T16:51:14Z,N503SP,"42.071686,-70.90657",1775,117,291
1768063876,2026-01-10T16:51:16Z,N503SP,"42.072098,-70.907997",1775,117,293
1768063878,2026-01-10T16:51:18Z,N503SP,"42.072556,-70.909386",1800,116,293
1768063881,2026-01-10T16:51:21Z,N503SP,"42.072983,-70.910683",1800,117,294
1768063883,2026-01-10T16:51:23Z,N503SP,"42.073494,-70.912216",1775,117,294
1768063885,2026-01-10T16:51:25Z,N503SP,"42.073959,-70.913551",1775,118,295
1768063888,2026-01-10T16:51:28Z,N503SP,"42.07457,-70.915253",1775,118,295
1768063890,2026-01-10T16:51:30Z,N503SP,"42.075031,-70.916496",1750,118,295
1768063892,2026-01-10T16:51:32Z,N503SP,"42.075729,-70.918411",1750,119,296
1768063894,2026-01-10T16:51:34Z,N503SP,"42.076218,-70.919746",1750,118,296
1768063897,2026-01-10T16:51:37Z,N503SP,"42.076752,-70.921158",1750,118,297
1768063899,2026-01-10T16:51:39Z,N503SP,"42.077404,-70.922813",1750,117,297
1768063902,2026-01-10T16:51:42Z,N503SP,"42.078003,-70.924301",1775,115,296
1768063904,2026-01-10T16:51:44Z,N503SP,"42.078568,-70.92588",1775,114,296
1768063906,2026-01-10T16:51:46Z,N503SP,"42.079128,-70.927414",1800,113,296
1768063908,2026-01-10T16:51:48Z,N503SP,"42.079594,-70.928696",1775,114,295
1768063910,2026-01-10T16:51:50Z,N503SP,"42.080063,-70.930046",1775,114,295
1768063912,2026-01-10T16:51:52Z,N503SP,"42.080521,-70.93129",1775,113,295
1768063915,2026-01-10T16:51:55Z,N503SP,"42.081081,-70.932907",1775,113,296
1768063917,2026-01-10T16:51:57Z,N503SP,"42.081547,-70.934189",1775,113,296
1768063919,2026-01-10T16:51:59Z,N503SP,"42.082245,-70.935913",1800,112,297
1768063922,2026-01-10T16:52:02Z,N503SP,"42.082764,-70.937347",1800,112,297
1768063925,2026-01-10T16:52:05Z,N503SP,"42.08345,-70.939095",1775,112,297
1768063931,2026-01-10T16:52:11Z,N503SP,"42.085007,-70.943031",1800,111,297
1768063940,2026-01-10T16:52:20Z,N503SP,"42.087273,-70.948746",1800,113,297
1768063948,2026-01-10T16:52:28Z,N503SP,"42.088947,-70.952965",1800,111,298
1768063955,2026-01-10T16:52:35Z,N503SP,"42.090866,-70.957512",1825,110,298
1768063957,2026-01-10T16:52:37Z,N503SP,"42.091324,-70.958694",1825,111,298
1768063959,2026-01-10T16:52:39Z,N503SP,"42.091976,-70.960243",1800,112,298
1768063962,2026-01-10T16:52:42Z,N503SP,"42.092442,-70.961525",1800,114,298
1768063964,2026-01-10T16:52:44Z,N503SP,"42.093044,-70.96299",1775,115,299
1768063966,2026-01-10T16:52:46Z,N503SP,"42.093697,-70.964462",1775,115,299
1768063975,2026-01-10T16:52:55Z,N503SP,"42.095856,-70.969681",1800,111,299
1768063984,2026-01-10T16:53:04Z,N503SP,"42.098419,-70.975739",1800,112,299
1768063991,2026-01-10T16:53:11Z,N503SP,"42.099983,-70.979538",1800,110,298
1768064000,2026-01-10T16:53:20Z,N503SP,"42.102219,-70.984665",1775,112,299
1768064004,2026-01-10T16:53:24Z,N503SP,"42.1035,-70.987785",1800,109,298
1768064006,2026-01-10T16:53:26Z,N503SP,"42.103867,-70.988724",1800,107,298
1768064009,2026-01-10T16:53:29Z,N503SP,"42.104553,-70.99041",1825,108,297
1768064011,2026-01-10T16:53:31Z,N503SP,"42.10487,-70.991287",1825,109,297
1768064013,2026-01-10T16:53:33Z,N503SP,"42.105606,-70.993156",1800,109,297
1768064015,2026-01-10T16:53:35Z,N503SP,"42.106018,-70.994278",1800,110,297
1768064023,2026-01-10T16:53:43Z,N503SP,"42.107712,-70.998711",1775,112,297
1768064026,2026-01-10T16:53:46Z,N503SP,"42.108444,-71.00071",1775,113,295
1768064028,2026-01-10T16:53:48Z,N503SP,"42.108948,-71.002266",1775,112,292
1768064030,2026-01-10T16:53:50Z,N503SP,"42.109314,-71.003578",1775,112,288
1768064033,2026-01-10T16:53:53Z,N503SP,"42.109589,-71.00489",1800,111,285
1768064035,2026-01-10T16:53:55Z,N503SP,"42.109852,-71.006874",1800,111,280
1768064037,2026-01-10T16:53:57Z,N503SP,"42.109989,-71.008278",1800,111,276
1768064039,2026-01-10T16:53:59Z,N503SP,"42.110092,-71.009567",1775,112,274
1768064041,2026-01-10T16:54:01Z,N503SP,"42.110184,-71.010941",1775,113,274
1768064043,2026-01-10T16:54:03Z,N503SP,"42.110229,-71.01207",1775,113,274
1768064046,2026-01-10T16:54:06Z,N503SP,"42.110363,-71.014282",1750,113,274
1768064048,2026-01-10T16:54:08Z,N503SP,"42.110455,-71.015945",1750,112,274
1768064050,2026-01-10T16:54:10Z,N503SP,"42.110504,-71.017433",1775,111,274
1768064053,2026-01-10T16:54:13Z,N503SP,"42.110596,-71.019135",1775,110,273
1768064055,2026-01-10T16:54:15Z,N503SP,"42.110687,-71.020805",1800,109,273
1768064058,2026-01-10T16:54:18Z,N503SP,"42.110733,-71.022614",1800,108,272
1768064060,2026-01-10T16:54:20Z,N503SP,"42.110779,-71.024178",1800,108,272
1768064062,2026-01-10T16:54:22Z,N503SP,"42.110825,-71.025673",1800,110,272
1768064064,2026-01-10T16:54:24Z,N503SP,"42.110874,-71.027122",1775,111,273
1768064066,2026-01-10T16:54:26Z,N503SP,"42.11097,-71.028656",1775,112,273
1768064073,2026-01-10T16:54:33Z,N503SP,"42.111191,-71.033226",1750,113,274
1768064078,2026-01-10T16:54:38Z,N503SP,"42.111374,-71.036476",1775,112,275
1768064080,2026-01-10T16:54:40Z,N503SP,"42.111481,-71.037788",1775,111,275
1768064086,2026-01-10T16:54:46Z,N503SP,"42.111805,-71.041878",1800,108,276
1768064089,2026-01-10T16:54:49Z,N503SP,"42.112038,-71.044434",1800,109,277
1768064092,2026-01-10T16:54:52Z,N503SP,"42.112225,-71.046028",1800,110,277
1768064094,2026-01-10T16:54:54Z,N503SP,"42.112411,-71.047501",1800,111,278
1768064096,2026-01-10T16:54:56Z,N503SP,"42.112553,-71.048904",1775,111,278
1768064105,2026-01-10T16:55:05Z,N503SP,"42.113205,-71.055389",1775,113,276
1768064107,2026-01-10T16:55:07Z,N503SP,"42.113297,-71.056824",1775,111,275
1768064109,2026-01-10T16:55:09Z,N503SP,"42.113434,-71.058136",1750,110,276
1768064112,2026-01-10T16:55:12Z,N503SP,"42.113571,-71.059883",1700,111,277
1768064114,2026-01-10T16:55:14Z,N503SP,"42.113716,-71.061234",1675,112,279
1768064116,2026-01-10T16:55:16Z,N503SP,"42.113983,-71.062943",1625,112,281
1768064119,2026-01-10T16:55:19Z,N503SP,"42.114227,-71.064491",1600,112,282
1768064121,2026-01-10T16:55:21Z,N503SP,"42.114532,-71.066063",1575,112,283
1768064123,2026-01-10T16:55:23Z,N503SP,"42.114807,-71.067688",1550,110,283
1768064125,2026-01-10T16:55:25Z,N503SP,"42.11499,-71.068748",1550,109,283
1768064128,2026-01-10T16:55:28Z,N503SP,"42.115311,-71.070618",1500,109,283
1768064130,2026-01-10T16:55:30Z,N503SP,"42.115623,-71.072281",1475,110,284
1768064133,2026-01-10T16:55:33Z,N503SP,"42.115906,-71.073677",1450,109,285
1768064135,2026-01-10T16:55:35Z,N503SP,"42.116276,-71.075287",1425,108,287
1768064137,2026-01-10T16:55:37Z,N503SP,"42.116638,-71.076614",1400,106,290
1768064139,2026-01-10T16:55:39Z,N503SP,"42.116959,-71.077797",1375,105,292
1768064141,2026-01-10T16:55:41Z,N503SP,"42.117485,-71.079247",1350,103,294
1768064144,2026-01-10T16:55:44Z,N503SP,"42.117874,-71.08036",1350,101,296
1768064147,2026-01-10T16:55:47Z,N503SP,"42.118694,-71.082504",1325,100,298
1768064149,2026-01-10T16:55:49Z,N503SP,"42.119068,-71.083397",1300,100,299
1768064151,2026-01-10T16:55:51Z,N503SP,"42.119625,-71.08474",1275,99,299
1768064154,2026-01-10T16:55:54Z,N503SP,"42.12009,-71.085884",1275,99,298
1768064157,2026-01-10T16:55:57Z,N503SP,"42.120712,-71.087471",1250,97,297
1768064159,2026-01-10T16:55:59Z,N503SP,"42.121216,-71.088783",1225,98,296
1768064161,2026-01-10T16:56:01Z,N503SP,"42.121628,-71.089844",1200,97,296
1768064165,2026-01-10T16:56:05Z,N503SP,"42.122467,-71.092209",1175,98,295
1768064168,2026-01-10T16:56:08Z,N503SP,"42.123074,-71.093933",1150,95,296
1768064171,2026-01-10T16:56:11Z,N503SP,"42.123539,-71.095215",1150,95,295
1768064173,2026-01-10T16:56:13Z,N503SP,"42.12405,-71.096748",1125,95,294
1768064176,2026-01-10T16:56:16Z,N503SP,"42.124516,-71.098152",1125,96,293
1768064178,2026-01-10T16:56:18Z,N503SP,"42.124981,-71.099617",1100,97,292
1768064181,2026-01-10T16:56:21Z,N503SP,"42.125351,-71.10096",1100,98,291
1768064184,2026-01-10T16:56:24Z,N503SP,"42.12582,-71.102432",1075,100,291
1768064186,2026-01-10T16:56:26Z,N503SP,"42.126144,-71.103645",1075,101,292
1768064188,2026-01-10T16:56:28Z,N503SP,"42.126617,-71.105202",1050,102,292
1768064190,2026-01-10T16:56:30Z,N503SP,"42.127075,-71.106583",1050,103,292
1768064193,2026-01-10T16:56:33Z,N503SP,"42.127399,-71.107666",1050,103,292
1768064195,2026-01-10T16:56:35Z,N503SP,"42.127899,-71.109383",1050,102,293
1768064197,2026-01-10T16:56:37Z,N503SP,"42.12833,-71.110603",1050,101,293
1768064200,2026-01-10T16:56:40Z,N503SP,"42.128704,-71.111755",1050,101,293
1768064202,2026-01-10T16:56:42Z,N503SP,"42.129078,-71.113029",1050,100,292
1768064204,2026-01-10T16:56:44Z,N503SP,"42.129589,-71.114502",1050,101,293
1768064206,2026-01-10T16:56:46Z,N503SP,"42.130005,-71.115875",1025,101,294
1768064209,2026-01-10T16:56:49Z,N503SP,"42.130417,-71.116997",1025,100,294
1768064211,2026-01-10T16:56:51Z,N503SP,"42.130894,-71.118401",1025,99,295
1768064213,2026-01-10T16:56:53Z,N503SP,"42.131359,-71.119743",1000,99,295
1768064216,2026-01-10T16:56:56Z,N503SP,"42.131699,-71.120682",1000,99,295
1768064219,2026-01-10T16:56:59Z,N503SP,"42.132244,-71.122231",975,100,296
1768064221,2026-01-10T16:57:01Z,N503SP,"42.132847,-71.123764",950,101,296
1768064223,2026-01-10T16:57:03Z,N503SP,"42.133408,-71.125298",900,101,296
1768064226,2026-01-10T16:57:06Z,N503SP,"42.133965,-71.126762",900,102,297
1768064228,2026-01-10T16:57:08Z,N503SP,"42.134525,-71.128105",900,102,299
1768064230,2026-01-10T16:57:10Z,N503SP,"42.134949,-71.129173",850,103,299
1768064232,2026-01-10T16:57:12Z,N503SP,"42.135548,-71.130531",875,103,300
1768064235,2026-01-10T16:57:15Z,N503SP,"42.136185,-71.13192",875,103,300
1768064237,2026-01-10T16:57:17Z,N503SP,"42.13678,-71.133232",875,102,301
1768064239,2026-01-10T16:57:19Z,N503SP,"42.137272,-71.134369",850,101,302
1768064242,2026-01-10T16:57:22Z,N503SP,"42.137833,-71.135414",850,101,304
1768064244,2026-01-10T16:57:24Z,N503SP,"42.138527,-71.136665",850,100,307
1768064246,2026-01-10T16:57:26Z,N503SP,"42.139069,-71.137657",825,100,308
1768064251,2026-01-10T16:57:31Z,N503SP,"42.140625,-71.139969",825,98,312
1768064255,2026-01-10T16:57:35Z,N503SP,"42.141365,-71.141075",800,98,313
1768064258,2026-01-10T16:57:38Z,N503SP,"42.142811,-71.143051",800,98,313
1768064261,2026-01-10T16:57:41Z,N503SP,"42.143692,-71.144089",800,91,318
1768064263,2026-01-10T16:57:43Z,N503SP,"42.144333,-71.144775",775,88,320
1768064266,2026-01-10T16:57:46Z,N503SP,"42.14534,-71.145836",775,86,321
1768064270,2026-01-10T16:57:50Z,N503SP,"42.146439,-71.147026",750,82,322
1768064273,2026-01-10T16:57:53Z,N503SP,"42.147308,-71.147896",725,81,324
1768064275,2026-01-10T16:57:55Z,N503SP,"42.147812,-71.148338",700,78,326
1768064277,2026-01-10T16:57:57Z,N503SP,"42.148724,-71.149055",675,77,328
1768064280,2026-01-10T16:58:00Z,N503SP,"42.14946,-71.149712",675,75,329
1768064282,2026-01-10T16:58:02Z,N503SP,"42.150211,-71.150269",675,76,330
1768064284,2026-01-10T16:58:04Z,N503SP,"42.150955,-71.15078",650,75,331
1768064288,2026-01-10T16:58:08Z,N503SP,"42.15184,-71.151291",625,73,335
1768064291,2026-01-10T16:58:11Z,N503SP,"42.153099,-71.152061",600,74,336
1768064294,2026-01-10T16:58:14Z,N503SP,"42.153946,-71.152519",575,73,335
1768064299,2026-01-10T16:58:19Z,N503SP,"42.155148,-71.153275",550,72,334
1768064301,2026-01-10T16:58:21Z,N503SP,"42.156143,-71.153954",525,73,334
1768064304,2026-01-10T16:58:24Z,N503SP,"42.156963,-71.154488",525,73,335
1768064306,2026-01-10T16:58:26Z,N503SP,"42.157707,-71.154938",500,73,335
1768064309,2026-01-10T16:58:29Z,N503SP,"42.158661,-71.155579",500,73,335
1768064314,2026-01-10T16:58:34Z,N503SP,"42.160175,-71.156532",475,73,335
1768064317,2026-01-10T16:58:37Z,N503SP,"42.160824,-71.156975",450,72,334
1768064325,2026-01-10T16:58:45Z,N503SP,"42.163479,-71.158638",400,70,334
1768064332,2026-01-10T16:58:52Z,N503SP,"42.165527,-71.159981",350,70,333
1768064340,2026-01-10T16:59:00Z,N503SP,"42.167854,-71.161446",275,69,335
1768064348,2026-01-10T16:59:08Z,N503SP,"42.170013,-71.162819",200,67,334
1768064355,2026-01-10T16:59:15Z,N503SP,"42.172073,-71.164131",150,67,335
1768064362,2026-01-10T16:59:22Z,N503SP,"42.174091,-71.165413",0,66,334
1768064366,2026-01-10T16:59:26Z,N503SP,"42.17514,-71.166",0,66,334
1768064367,2026-01-10T16:59:27Z,N503SP,"42.175415,-71.166191",0,66,334
1768064368,2026-01-10T16:59:28Z,N503SP,"42.175674,-71.166367",0,67,335
1768064369,2026-01-10T16:59:29Z,N503SP,"42.175957,-71.166557",0,66,334
1768064371,2026-01-10T16:59:31Z,N503SP,"42.176376,-71.166809",0,66,334
1768064372,2026-01-10T16:59:32Z,N503SP,"42.176697,-71.167",0,65,334
1768064373,2026-01-10T16:59:33Z,N503SP,"42.176971,-71.167183",0,65,334
1768064376,2026-01-10T16:59:36Z,N503SP,"42.177567,-71.167564",0,64,334
1768064377,2026-01-10T16:59:37Z,N503SP,"42.17807,-71.16787",0,64,334
1768064378,2026-01-10T16:59:38Z,N503SP,"42.178345,-71.16806",0,63,335
1768064379,2026-01-10T16:59:39Z,N503SP,"42.178711,-71.168312",0,63,335
1768064382,2026-01-10T16:59:42Z,N503SP,"42.179398,-71.168747",0,63,333
1768064385,2026-01-10T16:59:45Z,N503SP,"42.180099,-71.169182",0,62,333
1768064386,2026-01-10T16:59:46Z,N503SP,"42.180378,-71.169373",0,62,334
1768064387,2026-01-10T16:59:47Z,N503SP,"42.180679,-71.169556",0,62,334
1768064388,2026-01-10T16:59:48Z,N503SP,"42.180954,-71.169746",0,61,335
1768064389,2026-01-10T16:59:49Z,N503SP,"42.181229,-71.16993",0,61,335
1768064390,2026-01-10T16:59:50Z,N503SP,"42.18145,-71.170074",0,61,335
1768064391,2026-01-10T16:59:51Z,N503SP,"42.18182,-71.170265",0,60,334
1768064392,2026-01-10T16:59:52Z,N503SP,"42.182098,-71.170456",0,60,334
1768064393,2026-01-10T16:59:53Z,N503SP,"42.182331,-71.170586",0,60,334
1768064395,2026-01-10T16:59:55Z,N503SP,"42.182693,-71.170868",0,61,333
1768064397,2026-01-10T16:59:57Z,N503SP,"42.183243,-71.171181",0,60,334
1768064398,2026-01-10T16:59:58Z,N503SP,"42.183498,-71.171349",0,61,335
1768064399,2026-01-10T16:59:59Z,N503SP,"42.183792,-71.171555",0,61,335
1768064402,2026-01-10T17:00:02Z,N503SP,"42.184616,-71.172058",0,60,334
1768064403,2026-01-10T17:00:03Z,N503SP,"42.18494,-71.172241",0,58,334
1768064405,2026-01-10T17:00:05Z,N503SP,"42.185173,-71.172371",0,56,334
1768064406,2026-01-10T17:00:06Z,N503SP,"42.185406,-71.172562",0,54,333
1768064407,2026-01-10T17:00:07Z,N503SP,"42.185638,-71.172691",0,51,335
1768064408,2026-01-10T17:00:08Z,N503SP,"42.185917,-71.172882",0,50,336
1768064411,2026-01-10T17:00:11Z,N503SP,"42.18663,-71.173302",0,45,335
1768064414,2026-01-10T17:00:14Z,N503SP,"42.186996,-71.173553",0,40,335
1768064416,2026-01-10T17:00:16Z,N503SP,"42.187222,-71.173714",0,33,333
1768064420,2026-01-10T17:00:20Z,N503SP,"42.187672,-71.173988",0,16,331
1768064425,2026-01-10T17:00:25Z,N503SP,"42.187801,-71.174271",0,9,270
1768064430,2026-01-10T17:00:30Z,N503SP,"42.187729,-71.174553",0,10,244
1768064435,2026-01-10T17:00:35Z,N503SP,"42.187664,-71.174812",0,6,272
1768064454,2026-01-10T17:00:54Z,N503SP,"42.187778,-71.175056",0,7,315
1768064460,2026-01-10T17:01:00Z,N503SP,"42.187862,-71.175308",0,8,264
1768064465,2026-01-10T17:01:05Z,N503SP,"42.187778,-71.175583",0,10,244
1768064469,2026-01-10T17:01:09Z,N503SP,"42.187683,-71.175835",0,10,244
1768064473,2026-01-10T17:01:13Z,N503SP,"42.187592,-71.176064",0,8,239
1768064479,2026-01-10T17:01:19Z,N503SP,"42.187477,-71.17627",0,7,236
1768064494,2026-01-10T17:01:34Z,N503SP,"42.187267,-71.176376",0,4,154
